LAUNCHER CRASH:
Message: Nie można przekonwertować wartości „<Window xmlns="http://schemas.microsoft.com/winfx/2006/xaml/presentation"
        xmlns:x="http://schemas.microsoft.com/winfx/2006/xaml"
        x:Name="winMasterUpdater"
        Title="Excel Master Updater"
        MinWidth="1100" MinHeight="720"
        Width="1280" Height="860"
        WindowStartupLocation="CenterScreen"
        FontFamily="Segoe UI" FontSize="13"
        TextOptions.TextFormattingMode="Display"
        TextOptions.TextRenderingMode="ClearType"
        SnapsToDevicePixels="True"
        UseLayoutRounding="True">
    <Window.Resources>
        <!-- Dynamic Palette Brushes -->
        <SolidColorBrush x:Key="BgApp" Color="#0F172A"/>
        <SolidColorBrush x:Key="BgHeader" Color="#1E293B"/>
        <SolidColorBrush x:Key="BgCard" Color="#1E293B"/>
        <SolidColorBrush x:Key="BgCardHover" Color="#293548"/>
        <SolidColorBrush x:Key="BorderCard" Color="#334155"/>
        <SolidColorBrush x:Key="BorderSubtle" Color="#1E293B"/>
        <SolidColorBrush x:Key="BorderInput" Color="#374151"/>
        <SolidColorBrush x:Key="TextPrimary" Color="#F8FAFC"/>
        <SolidColorBrush x:Key="TextSecondary" Color="#94A3B8"/>
        <SolidColorBrush x:Key="TextMuted" Color="#64748B"/>
        <SolidColorBrush x:Key="BgInput" Color="#111827"/>
        <SolidColorBrush x:Key="BtnSecondaryBg" Color="#334155"/>
        <SolidColorBrush x:Key="BtnSecondaryFg" Color="#F8FAFC"/>
        <SolidColorBrush x:Key="AccentBlue" Color="#2563EB"/>
        <SolidColorBrush x:Key="AccentGreen" Color="#059669"/>
        <SolidColorBrush x:Key="AccentAmber" Color="#D97706"/>
        <SolidColorBrush x:Key="AccentRed" Color="#DC2626"/>
        <SolidColorBrush x:Key="DataGridRowBg" Color="#1E293B"/>
        <SolidColorBrush x:Key="DataGridAltRowBg" Color="#162032"/>
        <SolidColorBrush x:Key="GridLines" Color="#2D3748"/>
        <SolidColorBrush x:Key="DataGridHeaderBg" Color="#111827"/>
        <SolidColorBrush x:Key="DataGridHeaderFg" Color="#94A3B8"/>
        <SolidColorBrush x:Key="StatusBarBg" Color="#0A0F1D"/>
        <SolidColorBrush x:Key="StatusBarFg" Color="#94A3B8"/>

        <!-- Modern Flat Button Style & ControlTemplate -->
        <Style TargetType="Button">
            <Setter Property="FontFamily" Value="Segoe UI"/>
            <Setter Property="FontSize" Value="13"/>
            <Setter Property="Padding" Value="12,4"/>
            <Setter Property="Cursor" Value="Hand"/>
            <Setter Property="BorderThickness" Value="1"/>
            <Setter Property="BorderBrush" Value="{DynamicResource BorderCard}"/>
            <Setter Property="Background" Value="{DynamicResource BtnSecondaryBg}"/>
            <Setter Property="Foreground" Value="{DynamicResource BtnSecondaryFg}"/>
            <Setter Property="SnapsToDevicePixels" Value="True"/>
            <Setter Property="Template">
                <Setter.Value>
                    <ControlTemplate TargetType="Button">
                        <Border x:Name="btnBdr" Background="{TemplateBinding Background}" BorderBrush="{TemplateBinding BorderBrush}" BorderThickness="{TemplateBinding BorderThickness}" CornerRadius="6" Padding="{TemplateBinding Padding}" SnapsToDevicePixels="True">
                            <ContentPresenter HorizontalAlignment="Center" VerticalAlignment="Center" RecognizesAccessKey="True"/>
                        </Border>
                        <ControlTemplate.Triggers>
                            <Trigger Property="IsMouseOver" Value="True">
                                <Setter TargetName="btnBdr" Property="Opacity" Value="0.88"/>
                            </Trigger>
                            <Trigger Property="IsPressed" Value="True">
                                <Setter TargetName="btnBdr" Property="Opacity" Value="0.75"/>
                            </Trigger>
                            <Trigger Property="IsEnabled" Value="False">
                                <Setter TargetName="btnBdr" Property="Opacity" Value="0.4"/>
                            </Trigger>
                        </ControlTemplate.Triggers>
                    </ControlTemplate>
                </Setter.Value>
            </Setter>
        </Style>

        <!-- Modern Flat TextBox Style & ControlTemplate -->
        <Style TargetType="TextBox">
            <Setter Property="FontFamily" Value="Segoe UI"/>
            <Setter Property="FontSize" Value="13"/>
            <Setter Property="Background" Value="{DynamicResource BgInput}"/>
            <Setter Property="Foreground" Value="{DynamicResource TextPrimary}"/>
            <Setter Property="BorderBrush" Value="{DynamicResource BorderInput}"/>
            <Setter Property="BorderThickness" Value="1"/>
            <Setter Property="Padding" Value="6,4"/>
            <Setter Property="VerticalContentAlignment" Value="Center"/>
            <Setter Property="CaretBrush" Value="{DynamicResource TextPrimary}"/>
            <Setter Property="SnapsToDevicePixels" Value="True"/>
            <Setter Property="Template">
                <Setter.Value>
                    <ControlTemplate TargetType="TextBox">
                        <Border x:Name="tbBdr" Background="{TemplateBinding Background}" BorderBrush="{TemplateBinding BorderBrush}" BorderThickness="{TemplateBinding BorderThickness}" CornerRadius="6" Padding="{TemplateBinding Padding}" SnapsToDevicePixels="True">
                            <ScrollViewer x:Name="PART_ContentHost" Focusable="False" HorizontalScrollBarVisibility="Hidden" VerticalScrollBarVisibility="Hidden"/>
                        </Border>
                        <ControlTemplate.Triggers>
                            <Trigger Property="IsMouseOver" Value="True">
                                <Setter TargetName="tbBdr" Property="BorderBrush" Value="{DynamicResource AccentBlue}"/>
                            </Trigger>
                            <Trigger Property="IsKeyboardFocused" Value="True">
                                <Setter TargetName="tbBdr" Property="BorderBrush" Value="{DynamicResource AccentBlue}"/>
                            </Trigger>
                        </ControlTemplate.Triggers>
                    </ControlTemplate>
                </Setter.Value>
            </Setter>
        </Style>

        <!-- Modern ComboBoxItem Style -->
        <Style TargetType="ComboBoxItem">
            <Setter Property="Background" Value="{DynamicResource BgCard}"/>
            <Setter Property="Foreground" Value="{DynamicResource TextPrimary}"/>
            <Setter Property="Padding" Value="6,4"/>
            <Setter Property="Cursor" Value="Hand"/>
            <Setter Property="Template">
                <Setter.Value>
                    <ControlTemplate TargetType="ComboBoxItem">
                        <Border x:Name="cbiBorder" Background="{TemplateBinding Background}" Padding="{TemplateBinding Padding}" SnapsToDevicePixels="True">
                            <ContentPresenter/>
                        </Border>
                        <ControlTemplate.Triggers>
                            <Trigger Property="IsMouseOver" Value="True">
                                <Setter TargetName="cbiBorder" Property="Background" Value="{DynamicResource BgCardHover}"/>
                            </Trigger>
                            <Trigger Property="IsSelected" Value="True">
                                <Setter TargetName="cbiBorder" Property="Background" Value="{DynamicResource AccentBlue}"/>
                                <Setter Property="Foreground" Value="#FFFFFF"/>
                            </Trigger>
                        </ControlTemplate.Triggers>
                    </ControlTemplate>
                </Setter.Value>
            </Setter>
        </Style>

        <!-- Modern Flat ComboBox Style & ControlTemplate -->
        <ControlTemplate x:Key="ComboBoxToggleButton" TargetType="ToggleButton">
            <Grid>
                <Grid.ColumnDefinitions>
                    <ColumnDefinition />
                    <ColumnDefinition Width="28" />
                </Grid.ColumnDefinitions>
                <Border x:Name="Border" Grid.ColumnSpan="2" CornerRadius="6"
                        Background="{TemplateBinding Background}"
                        BorderBrush="{TemplateBinding BorderBrush}"
                        BorderThickness="{TemplateBinding BorderThickness}" />
                <Path x:Name="Arrow" Grid.Column="1" HorizontalAlignment="Center" VerticalAlignment="Center"
                      Data="M 0 0 L 4 4 L 8 0 Z" Fill="{DynamicResource TextSecondary}" />
            </Grid>
            <ControlTemplate.Triggers>
                <Trigger Property="IsMouseOver" Value="true">
                    <Setter TargetName="Border" Property="BorderBrush" Value="{DynamicResource AccentBlue}" />
                </Trigger>
                <Trigger Property="IsEnabled" Value="false">
                    <Setter TargetName="Border" Property="Opacity" Value="0.5" />
                    <Setter TargetName="Arrow" Property="Opacity" Value="0.5" />
                </Trigger>
            </ControlTemplate.Triggers>
        </ControlTemplate>

        <Style TargetType="ComboBox">
            <Setter Property="FontFamily" Value="Segoe UI"/>
            <Setter Property="FontSize" Value="13"/>
            <Setter Property="Background" Value="{DynamicResource BgInput}"/>
            <Setter Property="Foreground" Value="{DynamicResource TextPrimary}"/>
            <Setter Property="BorderBrush" Value="{DynamicResource BorderInput}"/>
            <Setter Property="BorderThickness" Value="1"/>
            <Setter Property="Padding" Value="8,6"/>
            <Setter Property="ScrollViewer.HorizontalScrollBarVisibility" Value="Auto"/>
            <Setter Property="ScrollViewer.VerticalScrollBarVisibility" Value="Auto"/>
            <Setter Property="ScrollViewer.CanContentScroll" Value="True"/>
            <Setter Property="SnapsToDevicePixels" Value="True"/>
            <Setter Property="Template">
                <Setter.Value>
                    <ControlTemplate TargetType="ComboBox">
                        <Grid>
                            <ToggleButton Name="ToggleButton"
                                          Template="{StaticResource ComboBoxToggleButton}"
                                          Focusable="false"
                                          IsChecked="{Binding Path=IsDropDownOpen, Mode=TwoWay, RelativeSource={RelativeSource TemplatedParent}}"
                                          ClickMode="Press"
                                          Background="{TemplateBinding Background}"
                                          BorderBrush="{TemplateBinding BorderBrush}"
                                          BorderThickness="{TemplateBinding BorderThickness}"/>
                            <ContentPresenter Name="ContentSite"
                                              IsHitTestVisible="False"
                                              Content="{TemplateBinding SelectionBoxItem}"
                                              ContentTemplate="{TemplateBinding SelectionBoxItemTemplate}"
                                              ContentTemplateSelector="{TemplateBinding ItemTemplateSelector}"
                                              Margin="10,6,28,6"
                                              VerticalAlignment="Center"
                                              HorizontalAlignment="Left"/>
                            <Popup Name="Popup"
                                   Placement="Bottom"
                                   IsOpen="{TemplateBinding IsDropDownOpen}"
                                   AllowsTransparency="True"
                                   Focusable="False"
                                   PopupAnimation="Slide">
                                <Grid Name="DropDown"
                                      SnapsToDevicePixels="True"
                                      MinWidth="{TemplateBinding ActualWidth}"
                                      MaxHeight="{TemplateBinding MaxDropDownHeight}">
                                    <Border x:Name="DropDownBorder"
                                            Background="{DynamicResource BgCard}"
                                            BorderThickness="1"
                                            BorderBrush="{DynamicResource BorderCard}"
                                            CornerRadius="6"
                                            Margin="0,2,0,4">
                                        <ScrollViewer Margin="2,4" SnapsToDevicePixels="True">
                                            <StackPanel IsItemsHost="True" KeyboardNavigation.DirectionalNavigation="Contained" />
                                        </ScrollViewer>
                                    </Border>
                                </Grid>
                            </Popup>
                        </Grid>
                        <ControlTemplate.Triggers>
                            <Trigger Property="HasItems" Value="false">
                                <Setter TargetName="DropDownBorder" Property="MinHeight" Value="30"/>
                            </Trigger>
                            <Trigger Property="IsGrouping" Value="true">
                                <Setter Property="ScrollViewer.CanContentScroll" Value="false"/>
                            </Trigger>
                        </ControlTemplate.Triggers>
                    </ControlTemplate>
                </Setter.Value>
            </Setter>
        </Style>

        <!-- Modern Flat TabControl & TabItem Style -->
        <Style TargetType="TabControl">
            <Setter Property="Background" Value="Transparent"/>
            <Setter Property="BorderThickness" Value="0"/>
            <Setter Property="Padding" Value="0"/>
            <Setter Property="Template">
                <Setter.Value>
                    <ControlTemplate TargetType="TabControl">
                        <Grid>
                            <Grid.RowDefinitions>
                                <RowDefinition Height="Auto"/>
                                <RowDefinition Height="*"/>
                            </Grid.RowDefinitions>
                            <Border Background="{DynamicResource BgCard}" BorderBrush="{DynamicResource BorderCard}" BorderThickness="0,0,0,1" Padding="16,0">
                                <TabPanel IsItemsHost="True" VerticalAlignment="Center"/>
                            </Border>
                            <ContentPresenter Grid.Row="1" ContentSource="SelectedContent" Margin="{TemplateBinding Padding}"/>
                        </Grid>
                    </ControlTemplate>
                </Setter.Value>
            </Setter>
        </Style>

        <Style TargetType="TabItem">
            <Setter Property="FontFamily" Value="Segoe UI"/>
            <Setter Property="FontSize" Value="13"/>
            <Setter Property="FontWeight" Value="SemiBold"/>
            <Setter Property="Foreground" Value="{DynamicResource TextSecondary}"/>
            <Setter Property="Background" Value="Transparent"/>
            <Setter Property="Padding" Value="12,6"/>
            <Setter Property="Cursor" Value="Hand"/>
            <Setter Property="Template">
                <Setter.Value>
                    <ControlTemplate TargetType="TabItem">
                        <Grid x:Name="root">
                            <Border x:Name="tabBorder" Background="Transparent" Padding="{TemplateBinding Padding}">
                                <ContentPresenter ContentSource="Header" HorizontalAlignment="Center" VerticalAlignment="Center"/>
                            </Border>
                            <Border x:Name="activeIndicator" Height="3" Background="Transparent" VerticalAlignment="Bottom" Margin="4,0,4,0"/>
                        </Grid>
                        <ControlTemplate.Triggers>
                            <Trigger Property="IsMouseOver" Value="True">
                                <Setter Property="Foreground" Value="{DynamicResource TextPrimary}"/>
                            </Trigger>
                            <Trigger Property="IsSelected" Value="True">
                                <Setter Property="Foreground" Value="{DynamicResource AccentBlue}"/>
                                <Setter TargetName="activeIndicator" Property="Background" Value="{DynamicResource AccentBlue}"/>
                            </Trigger>
                        </ControlTemplate.Triggers>
                    </ControlTemplate>
                </Setter.Value>
            </Setter>
        </Style>

        <!-- Modern ListBox & ListBoxItem Style -->
        <Style TargetType="ListBox">
            <Setter Property="Background" Value="{DynamicResource BgCard}"/>
            <Setter Property="BorderBrush" Value="{DynamicResource BorderCard}"/>
            <Setter Property="BorderThickness" Value="1"/>
            <Setter Property="ScrollViewer.HorizontalScrollBarVisibility" Value="Disabled"/>
            <Setter Property="ScrollViewer.CanContentScroll" Value="True"/>
            <Setter Property="VirtualizingStackPanel.IsVirtualizing" Value="True"/>
            <Setter Property="VirtualizingStackPanel.VirtualizationMode" Value="Recycling"/>
        </Style>

        <Style TargetType="ListBoxItem">
            <Setter Property="Padding" Value="0"/>
            <Setter Property="Margin" Value="0,0,0,4"/>
            <Setter Property="Background" Value="Transparent"/>
            <Setter Property="Foreground" Value="{DynamicResource TextPrimary}"/>
            <Setter Property="FocusVisualStyle" Value="{x:Null}"/>
            <Setter Property="Cursor" Value="Hand"/>
            <Setter Property="Template">
                <Setter.Value>
                    <ControlTemplate TargetType="ListBoxItem">
                        <Border x:Name="itemBorder" Background="{DynamicResource BgCard}" BorderBrush="{DynamicResource BorderCard}" BorderThickness="1" CornerRadius="6" Padding="10,8" SnapsToDevicePixels="True">
                            <ContentPresenter/>
                        </Border>
                        <ControlTemplate.Triggers>
                            <Trigger Property="IsMouseOver" Value="True">
                                <Setter TargetName="itemBorder" Property="Background" Value="{DynamicResource BgCardHover}"/>
                                <Setter TargetName="itemBorder" Property="BorderBrush" Value="{DynamicResource BorderInput}"/>
                            </Trigger>
                            <Trigger Property="IsSelected" Value="True">
                                <Setter TargetName="itemBorder" Property="Background" Value="{DynamicResource BgCardHover}"/>
                                <Setter TargetName="itemBorder" Property="BorderBrush" Value="{DynamicResource AccentBlue}"/>
                                <Setter TargetName="itemBorder" Property="BorderThickness" Value="1.5"/>
                                <Setter Property="Foreground" Value="{DynamicResource TextPrimary}"/>
                            </Trigger>
                        </ControlTemplate.Triggers>
                    </ControlTemplate>
                </Setter.Value>
            </Setter>
        </Style>

        <!-- Modern Flat DataGrid Styles -->
        <Style TargetType="DataGrid">
            <Setter Property="Background" Value="{DynamicResource BgCard}"/>
            <Setter Property="BorderBrush" Value="{DynamicResource BorderCard}"/>
            <Setter Property="BorderThickness" Value="1"/>
            <Setter Property="RowBackground" Value="{DynamicResource DataGridRowBg}"/>
            <Setter Property="AlternatingRowBackground" Value="{DynamicResource DataGridAltRowBg}"/>
            <Setter Property="HorizontalGridLinesBrush" Value="{DynamicResource GridLines}"/>
            <Setter Property="VerticalGridLinesBrush" Value="Transparent"/>
            <Setter Property="HeadersVisibility" Value="Column"/>
            <Setter Property="GridLinesVisibility" Value="Horizontal"/>
            <Setter Property="RowHeight" Value="34"/>
            <Setter Property="CanUserResizeRows" Value="False"/>
            <Setter Property="AutoGenerateColumns" Value="False"/>
        </Style>

        <Style TargetType="DataGridColumnHeader">
            <Setter Property="Background" Value="{DynamicResource DataGridHeaderBg}"/>
            <Setter Property="Foreground" Value="{DynamicResource DataGridHeaderFg}"/>
            <Setter Property="FontWeight" Value="SemiBold"/>
            <Setter Property="Height" Value="34"/>
            <Setter Property="Padding" Value="10,0"/>
            <Setter Property="BorderBrush" Value="{DynamicResource BorderCard}"/>
            <Setter Property="BorderThickness" Value="0,0,1,1"/>
            <Setter Property="VerticalContentAlignment" Value="Center"/>
        </Style>

        <Style TargetType="DataGridRow">
            <Setter Property="SnapsToDevicePixels" Value="true"/>
            <Setter Property="Validation.ErrorTemplate" Value="{x:Null}"/>
            <Style.Triggers>
                <Trigger Property="IsSelected" Value="true">
                    <Setter Property="Background" Value="{DynamicResource BgCardHover}"/>
                    <Setter Property="Foreground" Value="{DynamicResource TextPrimary}"/>
                </Trigger>
            </Style.Triggers>
        </Style>

        <Style TargetType="DataGridCell">
            <Setter Property="Foreground" Value="{DynamicResource TextPrimary}"/>
            <Setter Property="BorderThickness" Value="0"/>
            <Setter Property="Padding" Value="10,4"/>
            <Setter Property="Template">
                <Setter.Value>
                    <ControlTemplate TargetType="DataGridCell">
                        <Border x:Name="cellBorder" Background="{TemplateBinding Background}" Padding="{TemplateBinding Padding}">
                            <ContentPresenter VerticalAlignment="Center"/>
                        </Border>
                        <ControlTemplate.Triggers>
                            <Trigger Property="IsSelected" Value="True">
                                <Setter TargetName="cellBorder" Property="Background" Value="{DynamicResource BgCardHover}"/>
                                <Setter Property="Foreground" Value="{DynamicResource TextPrimary}"/>
                            </Trigger>
                        </ControlTemplate.Triggers>
                    </ControlTemplate>
                </Setter.Value>
            </Setter>
        <!-- Modern Flat ScrollBar Styles -->
        <Style x:Key="ModernScrollBarThumb" TargetType="{x:Type Thumb}">
            <Setter Property="IsTabStop" Value="False"/>
            <Setter Property="Focusable" Value="False"/>
            <Setter Property="Template">
                <Setter.Value>
                    <ControlTemplate TargetType="{x:Type Thumb}">
                        <Border CornerRadius="4" Background="{DynamicResource TextMuted}" Margin="2" Opacity="0.4">
                            <Border.Style>
                                <Style TargetType="Border">
                                    <Style.Triggers>
                                        <Trigger Property="IsMouseOver" Value="True">
                                            <Setter Property="Opacity" Value="0.7"/>
                                        </Trigger>
                                    </Style.Triggers>
                                </Style>
                            </Border.Style>
                        </Border>
                    </ControlTemplate>
                </Setter.Value>
            </Setter>
        </Style>

        <Style TargetType="{x:Type ScrollBar}">
            <Setter Property="Background" Value="Transparent"/>
            <Setter Property="BorderThickness" Value="0"/>
            <Setter Property="Template">
                <Setter.Value>
                    <ControlTemplate TargetType="{x:Type ScrollBar}">
                        <Grid Background="{TemplateBinding Background}">
                            <Track x:Name="PART_Track" IsDirectionReversed="true">
                                <Track.DecreaseRepeatButton>
                                    <RepeatButton Command="ScrollBar.PageUpCommand" Opacity="0" Focusable="False"/>
                                </Track.DecreaseRepeatButton>
                                <Track.Thumb>
                                    <Thumb Style="{StaticResource ModernScrollBarThumb}" />
                                </Track.Thumb>
                                <Track.IncreaseRepeatButton>
                                    <RepeatButton Command="ScrollBar.PageDownCommand" Opacity="0" Focusable="False"/>
                                </Track.IncreaseRepeatButton>
                            </Track>
                        </Grid>
                        <ControlTemplate.Triggers>
                            <Trigger Property="Orientation" Value="Horizontal">
                                <Setter TargetName="PART_Track" Property="IsDirectionReversed" Value="False"/>
                                <Setter Property="Height" Value="12"/>
                                <Setter Property="MinHeight" Value="12"/>
                            </Trigger>
                            <Trigger Property="Orientation" Value="Vertical">
                                <Setter Property="Width" Value="12"/>
                                <Setter Property="MinWidth" Value="12"/>
                            </Trigger>
                        </ControlTemplate.Triggers>
                    </ControlTemplate>
                </Setter.Value>
            </Setter>
        </Style>
    </Window.Resources>
    <Grid x:Name="mainGrid" Background="{DynamicResource BgApp}">
        <Grid.RowDefinitions>
            <RowDefinition Height="Auto"/>
            <RowDefinition Height="*"/>
            <RowDefinition Height="Auto"/>
        </Grid.RowDefinitions>

        <!-- Top Header Bar -->
        <Border x:Name="topHeaderBorder" Grid.Row="0" Background="{DynamicResource BgHeader}" BorderBrush="{DynamicResource BorderCard}" BorderThickness="0,0,0,1" Padding="12,6">
            <Grid>
                <Grid.RowDefinitions>
                    <RowDefinition Height="Auto"/>
                    <RowDefinition Height="Auto"/>
                </Grid.RowDefinitions>

                <!-- Brand & Utilities -->
                <Grid Grid.Row="0" Margin="0,0,0,6">
                    <Grid.ColumnDefinitions>
                        <ColumnDefinition Width="*"/>
                        <ColumnDefinition Width="Auto"/>
                    </Grid.ColumnDefinitions>
                    <StackPanel Orientation="Horizontal" VerticalAlignment="Center">
                        <Border Background="{DynamicResource AccentBlue}" CornerRadius="6" Width="30" Height="30" Margin="0,0,10,0">
                            <TextBlock Text="⇄" Foreground="#FFFFFF" FontSize="18" FontWeight="Bold" HorizontalAlignment="Center" VerticalAlignment="Center"/>
                        </Border>
                        <StackPanel VerticalAlignment="Center">
                            <TextBlock x:Name="txtAppTitle" Text="Excel Master Updater" Foreground="{DynamicResource TextPrimary}" FontSize="17" FontWeight="Bold"/>
                            <TextBlock x:Name="txtAppSubtitle" Text="Wielowątkowa synchronizacja i scalanie arkuszy danych" Foreground="{DynamicResource TextSecondary}" FontSize="11" Margin="0,1,0,0"/>
                        </StackPanel>
                        <Border x:Name="badgeProfile" Background="{DynamicResource BgCardHover}" BorderBrush="{DynamicResource BorderCard}" BorderThickness="1" CornerRadius="12" Padding="10,3" Margin="16,0,0,0" VerticalAlignment="Center" Visibility="Collapsed">
                            <TextBlock x:Name="txtProfileBadge" Text="Profil: Automatyczny" Foreground="{DynamicResource TextPrimary}" FontSize="11" FontWeight="Medium"/>
                        </Border>
                    </StackPanel>

                    <StackPanel Grid.Column="1" Orientation="Horizontal" VerticalAlignment="Center">
                        <Border Background="{DynamicResource BgCard}" BorderBrush="{DynamicResource BorderCard}" BorderThickness="1" CornerRadius="6" Padding="8,4" Margin="0,0,10,0">
                            <StackPanel Orientation="Horizontal" VerticalAlignment="Center">
                                <TextBlock x:Name="lblLanguage" Text="Język:" Foreground="{DynamicResource TextSecondary}" VerticalAlignment="Center" Margin="0,0,6,0"/>
                                <ComboBox x:Name="cmbLanguage" Width="95" Background="{DynamicResource BgInput}" Foreground="{DynamicResource TextPrimary}" BorderThickness="0"/>
                            </StackPanel>
                        </Border>
                        <Button x:Name="btnThemeToggle" Content="🌙 Ciemny" Margin="0,0,6,0"/>
                        <Button x:Name="btnSettings" Content="⚙ Ustawienia" Margin="0,0,6,0"/>
                        <Button x:Name="btnRestoreBackup" Content="↺ Przywróć kopię" Margin="0,0,6,0"/>
                        <Button x:Name="btnOpenBackups" Content="📁 Kopie" Margin="0,0,6,0"/>
                        <Button x:Name="btnOpenLogs" Content="📋 Logi" Margin="0,0,6,0"/>
                        <Button x:Name="btnHelp" Content="❓ Pomoc"/>
                    </StackPanel>
                </Grid>

                <!-- Source File Cards (Side-by-Side) -->
                <Grid Grid.Row="1">
                    <Grid.ColumnDefinitions>
                        <ColumnDefinition Width="*"/>
                        <ColumnDefinition Width="12"/>
                        <ColumnDefinition Width="*"/>
                    </Grid.ColumnDefinitions>

                    <!-- Card 1: Master Base File -->
                    <Border x:Name="cardBaseFile" Grid.Column="0" AllowDrop="True" Background="{DynamicResource BgCard}" BorderBrush="{DynamicResource BorderCard}" BorderThickness="1" CornerRadius="8" Padding="10,6">
                        <Grid>
                            <Grid.RowDefinitions>
                                <RowDefinition Height="Auto"/>
                                <RowDefinition Height="Auto"/>
                            </Grid.RowDefinitions>
                            <Grid Grid.Row="0" Margin="0,0,0,4">
                                <Grid.ColumnDefinitions>
                                    <ColumnDefinition Width="*"/>
                                    <ColumnDefinition Width="Auto"/>
                                    <ColumnDefinition Width="140"/>
                                </Grid.ColumnDefinitions>
                                <StackPanel Orientation="Horizontal" VerticalAlignment="Center">
                                    <TextBlock Text="📁" FontSize="13" Margin="0,0,6,0"/>
                                    <TextBlock x:Name="lblBasePath" Text="Baza główna" Foreground="{DynamicResource TextPrimary}" FontWeight="SemiBold"/>
                                </StackPanel>
                                <TextBlock x:Name="lblBaseSheet" Text="Arkusz:" Grid.Column="1" Foreground="{DynamicResource TextSecondary}" FontSize="12" VerticalAlignment="Center" Margin="0,0,6,0"/>
                                <ComboBox x:Name="cmbBaseSheet" Grid.Column="2" Background="{DynamicResource BgInput}" Foreground="{DynamicResource TextPrimary}" BorderBrush="{DynamicResource BorderInput}"/>
                            </Grid>
                            <Grid Grid.Row="1">
                                <Grid.ColumnDefinitions>
                                    <ColumnDefinition Width="*"/>
                                    <ColumnDefinition Width="Auto"/>
                                </Grid.ColumnDefinitions>
                                <TextBox x:Name="txtBasePath" Grid.Column="0" Background="{DynamicResource BgInput}" Foreground="{DynamicResource TextPrimary}" BorderBrush="{DynamicResource BorderInput}" IsReadOnly="True" AllowDrop="True" Margin="0,0,8,0"/>
                                <Button x:Name="btnBrowseBase" Grid.Column="1" Content="Wybierz bazę..."/>
                            </Grid>
                        </Grid>
                    </Border>

                    <!-- Card 2: Incoming Update File -->
                    <Border x:Name="cardIncomingFile" Grid.Column="2" AllowDrop="True" Background="{DynamicResource BgCard}" BorderBrush="{DynamicResource BorderCard}" BorderThickness="1" CornerRadius="8" Padding="10,6">
                        <Grid>
                            <Grid.RowDefinitions>
                                <RowDefinition Height="Auto"/>
                                <RowDefinition Height="Auto"/>
                            </Grid.RowDefinitions>
                            <Grid Grid.Row="0" Margin="0,0,0,4">
                                <Grid.ColumnDefinitions>
                                    <ColumnDefinition Width="*"/>
                                    <ColumnDefinition Width="Auto"/>
                                    <ColumnDefinition Width="140"/>
                                </Grid.ColumnDefinitions>
                                <StackPanel Orientation="Horizontal" VerticalAlignment="Center">
                                    <TextBlock Text="📥" FontSize="13" Margin="0,0,6,0"/>
                                    <TextBlock x:Name="lblIncomingPath" Text="Plik zmian" Foreground="{DynamicResource TextPrimary}" FontWeight="SemiBold"/>
                                </StackPanel>
                                <TextBlock x:Name="lblIncomingSheet" Text="Arkusz:" Grid.Column="1" Foreground="{DynamicResource TextSecondary}" FontSize="12" VerticalAlignment="Center" Margin="0,0,6,0"/>
                                <ComboBox x:Name="cmbIncomingSheet" Grid.Column="2" Background="{DynamicResource BgInput}" Foreground="{DynamicResource TextPrimary}" BorderBrush="{DynamicResource BorderInput}"/>
                            </Grid>
                            <Grid Grid.Row="1">
                                <Grid.ColumnDefinitions>
                                    <ColumnDefinition Width="*"/>
                                    <ColumnDefinition Width="Auto"/>
                                </Grid.ColumnDefinitions>
                                <TextBox x:Name="txtIncomingPath" Grid.Column="0" Background="{DynamicResource BgInput}" Foreground="{DynamicResource TextPrimary}" BorderBrush="{DynamicResource BorderInput}" AllowDrop="True" Margin="0,0,8,0"/>
                                <Button x:Name="btnBrowseIncoming" Grid.Column="1" Content="Wybierz zmiany..."/>
                            </Grid>
                        </Grid>
                    </Border>
                </Grid>
            </Grid>
        </Border>

        <!-- Main Tab Control -->
        <TabControl x:Name="mainTabs" Grid.Row="1">
            <!-- Tab 1: Column Mapping -->
            <TabItem x:Name="tabMapping" Header="1. Mapowanie kolumn">
                <Grid Margin="18">
                    <Grid.RowDefinitions>
                        <RowDefinition Height="Auto"/>
                        <RowDefinition Height="2*" MinHeight="90"/>
                        <RowDefinition Height="8"/>
                        <RowDefinition Height="3*" MinHeight="48"/>
                        <RowDefinition Height="Auto"/>
                    </Grid.RowDefinitions>
                    <!-- Action Toolbar -->
                    <Border Background="{DynamicResource BgCard}" BorderBrush="{DynamicResource BorderCard}" BorderThickness="1" CornerRadius="8" Padding="12,8" Margin="0,0,0,10">
                        <Grid>
                            <Grid.ColumnDefinitions>
                                <ColumnDefinition Width="*"/>
                                <ColumnDefinition Width="Auto"/>
                            </Grid.ColumnDefinitions>
                            <StackPanel Orientation="Horizontal" VerticalAlignment="Center">
                                <Button x:Name="btnAutoMap" Content="⚡ Automatyczne mapowanie" Background="{DynamicResource AccentBlue}" Foreground="#FFFFFF" FontWeight="SemiBold" BorderThickness="0" Margin="0,0,8,0"/>
                                <Button x:Name="btnAddRule" Content="+ Dodaj regułę" Margin="0,0,8,0"/>
                                <Button x:Name="btnEditRule" Content="Edytuj regułę" Margin="0,0,8,0"/>
                                <Button x:Name="btnRemoveRule" Content="Usuń regułę" Margin="0,0,8,0"/>
                                <Button x:Name="btnSaveProfile" Content="Zapisz profil"/>
                            </StackPanel>

                            <!-- Mapping Rules Search & Filter -->
                            <Border Grid.Column="1" Background="{DynamicResource BgInput}" BorderBrush="{DynamicResource BorderInput}" BorderThickness="1" CornerRadius="6" Padding="6,2" Width="220" VerticalAlignment="Center">
                                <Grid>
                                    <Grid.ColumnDefinitions>
                                        <ColumnDefinition Width="Auto"/>
                                        <ColumnDefinition Width="*"/>
                                        <ColumnDefinition Width="Auto"/>
                                    </Grid.ColumnDefinitions>
                                    <TextBlock Grid.Column="0" Text="🔍" FontSize="11" Foreground="{DynamicResource TextMuted}" VerticalAlignment="Center" Margin="2,0,5,0"/>
                                    <TextBox x:Name="txtSearchMapping" Grid.Column="1" Background="Transparent" Foreground="{DynamicResource TextPrimary}" BorderThickness="0" Padding="0,2" VerticalAlignment="Center"/>
                                    <Button x:Name="btnSearchMappingClear" Grid.Column="2" Content="✕" Width="16" Height="16" Padding="0" FontSize="9" Background="Transparent" Foreground="{DynamicResource TextMuted}" BorderThickness="0" Cursor="Hand" Visibility="Collapsed"/>
                                </Grid>
                            </Border>
                        </Grid>
                    </Border>

                    <!-- Mapping Grid & Join Key Split -->
                    <Grid Grid.Row="1">
                        <Grid.ColumnDefinitions>
                            <ColumnDefinition Width="*"/>
                            <ColumnDefinition Width="14"/>
                            <ColumnDefinition Width="340"/>
                        </Grid.ColumnDefinitions>

                        <!-- Mapping Rules DataGrid in Card -->
                        <Border Grid.Column="0" Background="{DynamicResource BgCard}" BorderBrush="{DynamicResource BorderCard}" BorderThickness="1" CornerRadius="8" Padding="0">
                            <DataGrid x:Name="gridMappingRules" Margin="0" AutoGenerateColumns="False" CanUserAddRows="False"
                                      CanUserDeleteRows="False" CanUserReorderColumns="False" CanUserResizeRows="False"
                                      HorizontalScrollBarVisibility="Auto" VerticalScrollBarVisibility="Auto">
                                <DataGrid.Columns>
                                    <DataGridTextColumn x:Name="colBase" Header="Kolumny w bazie" Binding="{Binding BaseColsStr}" Width="*"/>
                                    <DataGridTextColumn x:Name="colIncoming" Header="Kolumny w pliku zmian" Binding="{Binding UpdColsStr}" Width="*"/>
                                    <DataGridTextColumn x:Name="colMergeMode" Header="Tryb łączenia" Binding="{Binding MergeMode}" Width="120"/>
                                    <DataGridTextColumn x:Name="colSeparator" Header="Separator" Binding="{Binding Separator}" Width="80"/>
                                    <DataGridTextColumn x:Name="colDiffPolicy" Header="Zasada zmian" Binding="{Binding DiffPolicyDisplay}" Width="160"/>
                                </DataGrid.Columns>
                            </DataGrid>
                        </Border>

                        <!-- Join Key Picker in Card -->
                        <Border x:Name="joinBorder" Grid.Column="2" Background="{DynamicResource BgCard}" BorderBrush="{DynamicResource BorderCard}" BorderThickness="1" CornerRadius="8" Padding="14">
                            <Grid>
                                <Grid.RowDefinitions>
                                    <RowDefinition Height="Auto"/>
                                    <RowDefinition Height="Auto"/>
                                    <RowDefinition Height="*"/>
                                    <RowDefinition Height="Auto"/>
                                    <RowDefinition Height="*"/>
                                </Grid.RowDefinitions>
                                <StackPanel Grid.Row="0" Margin="0,0,0,10">
                                    <TextBlock x:Name="lblJoinKeyTitle" Text="🔗 Klucz złączenia (Join Key)" Foreground="{DynamicResource TextPrimary}" FontWeight="Bold" FontSize="14"/>
                                    <TextBlock x:Name="lblJoinKeyHint" Text="Zaznacz kolumny jednoznacznie identyfikujące wiersz." Foreground="{DynamicResource TextSecondary}" FontSize="11" Margin="0,2,0,0"/>
                                </StackPanel>

                                <TextBlock x:Name="lblJoinBaseSub" Grid.Row="1" Text="Kolumny klucza bazy:" Foreground="{DynamicResource TextSecondary}" FontSize="12" Margin="0,0,0,4"/>
                                <ListBox x:Name="lbJoinBase" Grid.Row="2" Background="{DynamicResource BgInput}" BorderBrush="{DynamicResource BorderInput}" SelectionMode="Extended" Margin="0,0,0,10"/>

                                <TextBlock x:Name="lblJoinIncomingSub" Grid.Row="3" Text="Kolumny klucza zmian:" Foreground="{DynamicResource TextSecondary}" FontSize="12" Margin="0,0,0,4"/>
                                <ListBox x:Name="lbJoinIncoming" Grid.Row="4" Background="{DynamicResource BgInput}" BorderBrush="{DynamicResource BorderInput}" SelectionMode="Extended"/>
                            </Grid>
                        </Border>
                    </Grid>

                    <!-- Splitter between Mapping and Data Preview with Grab Handle -->
                    <GridSplitter Grid.Row="2" Height="8" HorizontalAlignment="Stretch" VerticalAlignment="Center"
                                  Background="Transparent" Cursor="SizeNS" ResizeDirection="Rows" ResizeBehavior="PreviousAndNext">
                        <GridSplitter.Template>
                            <ControlTemplate TargetType="GridSplitter">
                                <Border Background="Transparent" VerticalAlignment="Stretch" HorizontalAlignment="Stretch" Padding="0,2">
                                    <Grid VerticalAlignment="Center">
                                        <Rectangle x:Name="splitLine" Height="1" Fill="{DynamicResource BorderCard}" HorizontalAlignment="Stretch"/>
                                        <Border x:Name="splitPill" Width="48" Height="4" Background="{DynamicResource BorderCard}" CornerRadius="2" HorizontalAlignment="Center"/>
                                    </Grid>
                                </Border>
                                <ControlTemplate.Triggers>
                                    <Trigger Property="IsMouseOver" Value="True">
                                        <Setter TargetName="splitLine" Property="Fill" Value="{DynamicResource AccentBlue}"/>
                                        <Setter TargetName="splitPill" Property="Background" Value="{DynamicResource AccentBlue}"/>
                                    </Trigger>
                                </ControlTemplate.Triggers>
                            </ControlTemplate>
                        </GridSplitter.Template>
                    </GridSplitter>

                    <!-- Data & Mapping Live Preview Card -->
                    <Border x:Name="cardDataPreview" Grid.Row="3" Background="{DynamicResource BgCard}" BorderBrush="{DynamicResource BorderCard}" BorderThickness="1" CornerRadius="8" Padding="12,10" Margin="0,4,0,0">
                        <Grid>
                            <Grid.RowDefinitions>
                                <RowDefinition Height="Auto"/>
                                <RowDefinition Height="*"/>
                            </Grid.RowDefinitions>

                            <!-- Preview Header with Controls -->
                            <Grid Grid.Row="0" Margin="0,0,0,8">
                                <Grid.ColumnDefinitions>
                                    <ColumnDefinition Width="Auto"/>
                                    <ColumnDefinition Width="*"/>
                                    <ColumnDefinition Width="Auto"/>
                                </Grid.ColumnDefinitions>

                                <StackPanel Orientation="Horizontal" VerticalAlignment="Center">
                                    <TextBlock Text="📋 " FontSize="14" VerticalAlignment="Center"/>
                                    <TextBlock x:Name="txtPreviewHeader" Text="Podgląd danych i mapowania" Foreground="{DynamicResource TextPrimary}" FontWeight="Bold" FontSize="13" VerticalAlignment="Center"/>
                                    <Border Background="{DynamicResource BgCardHover}" CornerRadius="4" Padding="6,2" Margin="10,0,0,0" VerticalAlignment="Center">
                                        <TextBlock x:Name="txtPreviewHint" Text="Podgląd 1. wiersza bazy, 1. wiersza zmian oraz wynikowego mapowania na żywo" Foreground="{DynamicResource TextSecondary}" FontSize="11"/>
                                    </Border>
                                </StackPanel>

                                <TextBlock x:Name="txtPreviewInfo" Grid.Column="1" HorizontalAlignment="Center" VerticalAlignment="Center" Foreground="{DynamicResource TextSecondary}" FontSize="11"/>

                                <StackPanel Grid.Column="2" Orientation="Horizontal" VerticalAlignment="Center">
                                    <Button x:Name="btnPrevSampleRow" Content="◀ Poprz. wiersz" Margin="0,0,4,0" Padding="8,3" FontSize="11"/>
                                    <Button x:Name="btnNextSampleRow" Content="Nast. wiersz ▶" Margin="0,0,8,0" Padding="8,3" FontSize="11"/>
                                    <Button x:Name="btnRefreshPreview" Content="🔄 Odśwież podgląd" Background="{DynamicResource BgCardHover}" BorderBrush="{DynamicResource BorderCard}" BorderThickness="1" Padding="10,3" FontSize="11"/>
                                </StackPanel>
                            </Grid>

                            <!-- TabControl for 3 Preview Modes -->
                            <TabControl x:Name="tabsMappingPreview" Grid.Row="1" Background="Transparent" BorderThickness="0">
                                <!-- Tab A: Mapping Result Projection -->
                                <TabItem x:Name="tabPrevResult" Header="⚡ Wynik mapowania (Podgląd)">
                                    <Grid Margin="0,6,0,0">
                                        <DataGrid x:Name="gridMappingResultPreview" AutoGenerateColumns="False" CanUserAddRows="False" CanUserDeleteRows="False"
                                                  CanUserReorderColumns="False" CanUserResizeRows="False" CanUserSortColumns="True"
                                                  HeadersVisibility="Column" GridLinesVisibility="All"
                                                  HorizontalScrollBarVisibility="Auto" VerticalScrollBarVisibility="Auto"
                                                  SelectionMode="Single" SelectionUnit="FullRow"
                                                  Background="{DynamicResource BgCard}" BorderBrush="{DynamicResource BorderCard}" BorderThickness="1"
                                                  RowBackground="{DynamicResource DataGridRowBg}" AlternatingRowBackground="{DynamicResource DataGridRowBg}"
                                                  HorizontalGridLinesBrush="{DynamicResource GridLines}" VerticalGridLinesBrush="{DynamicResource GridLines}">
                                            <DataGrid.Columns>
                                                <DataGridTextColumn x:Name="colPrevTargetBase" Header="Kolumna docelowa (Baza)" Binding="{Binding TargetBaseColumn}" Width="180" FontWeight="SemiBold"/>
                                                <DataGridTextColumn x:Name="colPrevSourceExpr" Header="Zamapowane kolumny źródłowe" Binding="{Binding MappedSourceColumns}" Width="200"/>
                                                <DataGridTextColumn x:Name="colPrevProjectedVal" Header="Wartość wynikowa (z pliku zmian)" Binding="{Binding ProjectedValue}" Width="*"/>
                                                <DataGridTextColumn x:Name="colPrevCurrentBaseVal" Header="Dotychczasowa wartość w bazie" Binding="{Binding CurrentBaseValue}" Width="*"/>
                                                <DataGridTemplateColumn x:Name="colPrevStatus" Header="Status podglądu" Width="130">
                                                    <DataGridTemplateColumn.CellTemplate>
                                                        <DataTemplate>
                                                            <Border Background="{Binding StatusBg}" CornerRadius="4" Padding="6,2" HorizontalAlignment="Left" Margin="4,2">
                                                                <TextBlock Text="{Binding StatusText}" Foreground="{Binding StatusFg}" FontSize="11" FontWeight="Bold"/>
                                                            </Border>
                                                        </DataTemplate>
                                                    </DataGridTemplateColumn.CellTemplate>
                                                </DataGridTemplateColumn>
                                            </DataGrid.Columns>
                                        </DataGrid>
                                        <TextBlock x:Name="txtEmptyPreviewPrompt" Text="Wczytaj powyżej plik bazy oraz plik zmian, aby zobaczyć podgląd danych i wyniku mapowania."
                                                   Foreground="{DynamicResource TextSecondary}" FontSize="12" HorizontalAlignment="Center" VerticalAlignment="Center" Visibility="Collapsed"/>
                                    </Grid>
                                </TabItem>

                                <!-- Tab B: Incoming File (1st Row) -->
                                <TabItem x:Name="tabPrevIncoming" Header="📥 Plik zmian (Przykładowy wiersz)">
                                    <Grid Margin="0,6,0,0">
                                        <DataGrid x:Name="gridPrevIncomingRow" AutoGenerateColumns="False" CanUserAddRows="False" CanUserDeleteRows="False"
                                                  CanUserReorderColumns="False" CanUserResizeRows="False" CanUserSortColumns="False"
                                                  HeadersVisibility="Column" GridLinesVisibility="All"
                                                  HorizontalScrollBarVisibility="Auto" VerticalScrollBarVisibility="Auto"
                                                  SelectionMode="Single" SelectionUnit="Cell"
                                                  Background="{DynamicResource BgCard}" BorderBrush="{DynamicResource BorderCard}" BorderThickness="1"
                                                  RowBackground="{DynamicResource DataGridRowBg}" AlternatingRowBackground="{DynamicResource DataGridRowBg}"
                                                  HorizontalGridLinesBrush="{DynamicResource GridLines}" VerticalGridLinesBrush="{DynamicResource GridLines}"/>
                                        <TextBlock x:Name="txtEmptyIncomingPrompt" Text="Wybierz plik zmian powyżej..." Foreground="{DynamicResource TextSecondary}" FontSize="12" HorizontalAlignment="Center" VerticalAlignment="Center" Visibility="Collapsed"/>
                                    </Grid>
                                </TabItem>

                                <!-- Tab C: Base File (1st Row) -->
                                <TabItem x:Name="tabPrevBase" Header="📁 Plik bazy (Przykładowy wiersz)">
                                    <Grid Margin="0,6,0,0">
                                        <DataGrid x:Name="gridPrevBaseRow" AutoGenerateColumns="False" CanUserAddRows="False" CanUserDeleteRows="False"
                                                  CanUserReorderColumns="False" CanUserResizeRows="False" CanUserSortColumns="False"
                                                  HeadersVisibility="Column" GridLinesVisibility="All"
                                                  HorizontalScrollBarVisibility="Auto" VerticalScrollBarVisibility="Auto"
                                                  SelectionMode="Single" SelectionUnit="Cell"
                                                  Background="{DynamicResource BgCard}" BorderBrush="{DynamicResource BorderCard}" BorderThickness="1"
                                                  RowBackground="{DynamicResource DataGridRowBg}" AlternatingRowBackground="{DynamicResource DataGridRowBg}"
                                                  HorizontalGridLinesBrush="{DynamicResource GridLines}" VerticalGridLinesBrush="{DynamicResource GridLines}"/>
                                        <TextBlock x:Name="txtEmptyBasePrompt" Text="Wybierz plik bazy powyżej..." Foreground="{DynamicResource TextSecondary}" FontSize="12" HorizontalAlignment="Center" VerticalAlignment="Center" Visibility="Collapsed"/>
                                    </Grid>
                                </TabItem>
                            </TabControl>
                        </Grid>
                    </Border>

                    <Border Grid.Row="4" Background="{DynamicResource BgCard}" BorderBrush="{DynamicResource BorderCard}" BorderThickness="1" CornerRadius="8" Padding="14,10" Margin="0,10,0,0">
                        <Grid>
                            <Grid.ColumnDefinitions>
                                <ColumnDefinition Width="*"/>
                                <ColumnDefinition Width="Auto"/>
                            </Grid.ColumnDefinitions>
                            <StackPanel Grid.Column="0" Orientation="Vertical" VerticalAlignment="Center" Margin="0,0,16,0">
                                <TextBlock x:Name="lblCompareOptionsTitle" Text="⚙️ Opcje trybu porównywania:" FontWeight="SemiBold" FontSize="12" Foreground="{DynamicResource TextSecondary}" Margin="0,0,0,6"/>
                                <WrapPanel Orientation="Horizontal" VerticalAlignment="Center">
                                    <CheckBox x:Name="chkIgnoreCase" Content="Ignoruj wielkość liter" IsChecked="True" Foreground="{DynamicResource TextPrimary}" Margin="0,0,18,2" VerticalContentAlignment="Center" Cursor="Hand"/>
                                    <CheckBox x:Name="chkTrimWhitespace" Content="Przycinaj białe znaki" IsChecked="True" Foreground="{DynamicResource TextPrimary}" Margin="0,0,18,2" VerticalContentAlignment="Center" Cursor="Hand"/>
                                    <CheckBox x:Name="chkIgnoreSpecialChars" Content="Ignoruj interpunkcję i znaki specjalne" IsChecked="True" Foreground="{DynamicResource TextPrimary}" Margin="0,0,18,2" VerticalContentAlignment="Center" Cursor="Hand"/>
                                    <CheckBox x:Name="chkIgnoreAllSpaces" Content="Ignoruj spacje wewnętrzne" IsChecked="True" Foreground="{DynamicResource TextPrimary}" Margin="0,0,18,2" VerticalContentAlignment="Center" Cursor="Hand"/>
                                </WrapPanel>
                            </StackPanel>
                            <Button x:Name="btnRunCompare" Grid.Column="1" Content="Rozpocznij porównanie ▶" Background="{DynamicResource AccentGreen}" Foreground="#FFFFFF" FontWeight="Bold" FontSize="14" BorderThickness="0" Padding="26,10" VerticalAlignment="Center" Cursor="Hand"/>
                        </Grid>
                    </Border>
                </Grid>
            </TabItem>

            <!-- Tab 2: Review & Approval -->
            <TabItem x:Name="tabReview" Header="2. Przegląd i zatwierdzanie">
                <Grid Margin="18">
                    <Grid.RowDefinitions>
                        <RowDefinition Height="Auto"/>
                        <RowDefinition Height="*"/>
                        <RowDefinition Height="Auto"/>
                        <RowDefinition Height="Auto"/>
                    </Grid.RowDefinitions>

                    <!-- Top KPI Counters & Filter Strip -->
                    <Border x:Name="filterBorder" Grid.Row="0" Background="{DynamicResource BgCard}" BorderBrush="{DynamicResource BorderCard}" BorderThickness="1" CornerRadius="8" Padding="12,8" Margin="0,0,0,14">
                        <Grid>
                            <Grid.ColumnDefinitions>
                                <ColumnDefinition Width="*"/>
                                <ColumnDefinition Width="Auto"/>
                            </Grid.ColumnDefinitions>
                            <!-- KPI Interactive Stat Pills -->
                            <StackPanel Orientation="Horizontal" VerticalAlignment="Center">
                                <TextBlock x:Name="txtCounters" Visibility="Collapsed"/>
                                <Border x:Name="kpiPillAll" Background="{DynamicResource BgCardHover}" BorderBrush="{DynamicResource AccentBlue}" BorderThickness="2" CornerRadius="6" Padding="8,4" Margin="0,0,6,0" Cursor="Hand" ToolTip="Wszystkie rekordy">
                                    <StackPanel Orientation="Horizontal" VerticalAlignment="Center">
                                        <TextBlock Text="📊" FontSize="11" Margin="0,0,4,0" VerticalAlignment="Center"/>
                                        <TextBlock x:Name="lblKpiAll" Text="Wszystkie:" Foreground="{DynamicResource TextSecondary}" FontSize="12" Margin="0,0,4,0"/>
                                        <TextBlock x:Name="txtKpiCountAll" Text="0" Foreground="{DynamicResource TextPrimary}" FontWeight="Bold" FontSize="12"/>
                                    </StackPanel>
                                </Border>
                                <Border x:Name="kpiPillNew" Background="{DynamicResource BgCardHover}" BorderBrush="{DynamicResource BorderCard}" BorderThickness="1" CornerRadius="6" Padding="8,4" Margin="0,0,6,0" Cursor="Hand" ToolTip="Tylko nowe rekordy">
                                    <StackPanel Orientation="Horizontal" VerticalAlignment="Center">
                                        <TextBlock Text="✨" FontSize="11" Margin="0,0,4,0" VerticalAlignment="Center"/>
                                        <TextBlock x:Name="lblKpiNew" Text="Nowe:" Foreground="{DynamicResource TextSecondary}" FontSize="12" Margin="0,0,4,0"/>
                                        <TextBlock x:Name="txtKpiCountNew" Text="0" Foreground="{DynamicResource AccentGreen}" FontWeight="Bold" FontSize="12"/>
                                    </StackPanel>
                                </Border>
                                <Border x:Name="kpiPillChanged" Background="{DynamicResource BgCardHover}" BorderBrush="{DynamicResource BorderCard}" BorderThickness="1" CornerRadius="6" Padding="8,4" Margin="0,0,6,0" Cursor="Hand" ToolTip="Tylko zmienione rekordy">
                                    <StackPanel Orientation="Horizontal" VerticalAlignment="Center">
                                        <TextBlock Text="⚡" FontSize="11" Margin="0,0,4,0" VerticalAlignment="Center"/>
                                        <TextBlock x:Name="lblKpiChanged" Text="Zmienione:" Foreground="{DynamicResource TextSecondary}" FontSize="12" Margin="0,0,4,0"/>
                                        <TextBlock x:Name="txtKpiCountChanged" Text="0" Foreground="{DynamicResource AccentBlue}" FontWeight="Bold" FontSize="12"/>
                                    </StackPanel>
                                </Border>
                                <Border x:Name="kpiPillAmbiguous" Background="{DynamicResource BgCardHover}" BorderBrush="{DynamicResource BorderCard}" BorderThickness="1" CornerRadius="6" Padding="8,4" Margin="0,0,6,0" Cursor="Hand" ToolTip="Niejednoznaczne dopasowania">
                                    <StackPanel Orientation="Horizontal" VerticalAlignment="Center">
                                        <TextBlock Text="❓" FontSize="11" Margin="0,0,4,0" VerticalAlignment="Center"/>
                                        <TextBlock x:Name="lblKpiAmbiguous" Text="Niejednoznaczne:" Foreground="{DynamicResource TextSecondary}" FontSize="12" Margin="0,0,4,0"/>
                                        <TextBlock x:Name="txtKpiCountAmbiguous" Text="0" Foreground="{DynamicResource AccentAmber}" FontWeight="Bold" FontSize="12"/>
                                    </StackPanel>
                                </Border>
                                <Border x:Name="kpiPillAccepted" Background="{DynamicResource BgCardHover}" BorderBrush="{DynamicResource BorderCard}" BorderThickness="1" CornerRadius="6" Padding="8,4" Margin="0,0,6,0" Cursor="Hand" ToolTip="Zaakceptowane zmiany">
                                    <StackPanel Orientation="Horizontal" VerticalAlignment="Center">
                                        <TextBlock Text="✔" FontSize="11" Margin="0,0,4,0" VerticalAlignment="Center"/>
                                        <TextBlock x:Name="lblKpiAccepted" Text="Zaakceptowane:" Foreground="{DynamicResource TextSecondary}" FontSize="12" Margin="0,0,4,0"/>
                                        <TextBlock x:Name="txtKpiCountAccepted" Text="0" Foreground="{DynamicResource AccentGreen}" FontWeight="Bold" FontSize="12"/>
                                    </StackPanel>
                                </Border>
                                <Border x:Name="kpiPillSkipped" Background="{DynamicResource BgCardHover}" BorderBrush="{DynamicResource BorderCard}" BorderThickness="1" CornerRadius="6" Padding="8,4" Margin="0,0,6,0" Cursor="Hand" ToolTip="Pominięte lub odrzucone">
                                    <StackPanel Orientation="Horizontal" VerticalAlignment="Center">
                                        <TextBlock Text="⏭" FontSize="11" Margin="0,0,4,0" VerticalAlignment="Center"/>
                                        <TextBlock x:Name="lblKpiSkipped" Text="Pominięte:" Foreground="{DynamicResource TextSecondary}" FontSize="12" Margin="0,0,4,0"/>
                                        <TextBlock x:Name="txtKpiCountSkipped" Text="0" Foreground="{DynamicResource TextMuted}" FontWeight="Bold" FontSize="12"/>
                                    </StackPanel>
                                </Border>
                            </StackPanel>

                            <!-- Search & Filter Controls -->
                            <StackPanel Grid.Column="1" Orientation="Horizontal" VerticalAlignment="Center">
                                <Border Background="{DynamicResource BgInput}" BorderBrush="{DynamicResource BorderInput}" BorderThickness="1" CornerRadius="6" Padding="6,2" Margin="0,0,10,0" Width="220">
                                    <Grid>
                                        <Grid.ColumnDefinitions>
                                            <ColumnDefinition Width="Auto"/>
                                            <ColumnDefinition Width="*"/>
                                            <ColumnDefinition Width="Auto"/>
                                        </Grid.ColumnDefinitions>
                                        <TextBlock Grid.Column="0" Text="🔍" FontSize="11" Foreground="{DynamicResource TextMuted}" VerticalAlignment="Center" Margin="2,0,5,0"/>
                                        <TextBox x:Name="txtSearchReview" Grid.Column="1" Background="Transparent" Foreground="{DynamicResource TextPrimary}" BorderThickness="0" Padding="0,2" VerticalAlignment="Center"/>
                                        <Button x:Name="btnSearchClear" Grid.Column="2" Content="✕" Width="16" Height="16" Padding="0" FontSize="9" Background="Transparent" Foreground="{DynamicResource TextMuted}" BorderThickness="0" Cursor="Hand" Visibility="Collapsed"/>
                                    </Grid>
                                </Border>
                                <ComboBox x:Name="cmbFilterStatus" Width="150" SelectedIndex="0">
                                    <ComboBoxItem x:Name="cbiFilterAll" Content="Wszystkie" Tag="All"/>
                                    <ComboBoxItem x:Name="cbiFilterNew" Content="Nowe" Tag="New"/>
                                    <ComboBoxItem x:Name="cbiFilterChanged" Content="Zmienione" Tag="Changed"/>
                                    <ComboBoxItem x:Name="cbiFilterRemoved" Content="Usunięte" Tag="Removed"/>
                                    <ComboBoxItem x:Name="cbiFilterAmbiguous" Content="Niejednoznaczne" Tag="Ambiguous"/>
                                    <ComboBoxItem x:Name="cbiFilterUnchanged" Content="Bez zmian" Tag="Unchanged"/>
                                    <ComboBoxItem x:Name="cbiFilterAccepted" Content="Zaakceptowane" Tag="Accepted"/>
                                    <ComboBoxItem x:Name="cbiFilterSkipped" Content="Pominięte" Tag="Skipped"/>
                                    <ComboBoxItem x:Name="cbiFilterRejected" Content="Odrzucone" Tag="Rejected"/>
                                </ComboBox>
                                <CheckBox x:Name="chkShowUnchanged" Margin="10,0,0,0" VerticalAlignment="Center" Content="Pokaż bez zmian" Foreground="{DynamicResource TextPrimary}"/>
                            </StackPanel>
                        </Grid>
                    </Border>

                    <!-- Review Master-Detail -->
                    <Grid Grid.Row="1">
                        <Grid.ColumnDefinitions>
                            <ColumnDefinition Width="380"/>
                            <ColumnDefinition Width="14"/>
                            <ColumnDefinition Width="*"/>
                        </Grid.ColumnDefinitions>

                        <!-- Items List -->
                        <Border Grid.Column="0" Background="{DynamicResource BgCard}" BorderBrush="{DynamicResource BorderCard}" BorderThickness="1" CornerRadius="8" Padding="6">
                            <ListBox x:Name="lbReviewItems" BorderThickness="0" Background="Transparent">
                                <ListBox.ItemTemplate>
                                    <DataTemplate>
                                        <Grid>
                                            <Grid.ColumnDefinitions>
                                                <ColumnDefinition Width="36"/>
                                                <ColumnDefinition Width="*"/>
                                                <ColumnDefinition Width="Auto"/>
                                            </Grid.ColumnDefinitions>
                                            <Border Background="{DynamicResource BgCardHover}" CornerRadius="4" Width="28" Height="24" HorizontalAlignment="Left" VerticalAlignment="Center">
                                                <TextBlock Text="{Binding IndexStr}" Foreground="{DynamicResource TextMuted}" FontSize="11" HorizontalAlignment="Center" VerticalAlignment="Center"/>
                                            </Border>
                                            <StackPanel Grid.Column="1" VerticalAlignment="Center" Margin="6,0,8,0">
                                                <TextBlock Text="{Binding Title}" Foreground="{DynamicResource TextPrimary}" FontWeight="SemiBold" FontSize="13" TextTrimming="CharacterEllipsis"/>
                                                <TextBlock Text="{Binding Subtitle}" Foreground="{DynamicResource TextSecondary}" FontSize="11" Margin="0,1,0,0" TextTrimming="CharacterEllipsis"/>
                                            </StackPanel>
                                            <Border Grid.Column="2" Background="{Binding StatusBg}" CornerRadius="4" Padding="7,3" VerticalAlignment="Center">
                                                <TextBlock Text="{Binding StatusText}" Foreground="{Binding StatusFg}" FontSize="10" FontWeight="Bold"/>
                                            </Border>
                                        </Grid>
                                    </DataTemplate>
                                </ListBox.ItemTemplate>
                            </ListBox>
                        </Border>

                        <!-- Right Detail Pane Card -->
                        <Border x:Name="detailBorder" Grid.Column="2" Background="{DynamicResource BgCard}" BorderBrush="{DynamicResource BorderCard}" BorderThickness="1" CornerRadius="8" Padding="18">
                            <ScrollViewer VerticalScrollBarVisibility="Auto">
                                <StackPanel x:Name="panelDetailContent">
                                    <!-- Batch Column Toggles Banner -->
                                    <Border x:Name="cardBatchToggles" Background="{DynamicResource BgCardHover}" BorderBrush="{DynamicResource BorderCard}" BorderThickness="1" CornerRadius="6" Padding="10,8" Margin="0,0,0,14" Visibility="Collapsed">
                                        <StackPanel>
                                            <TextBlock x:Name="lblBatchColToggles" Text="Szybkie przełączanie kolumn (przejmij wybrane pola):" Foreground="{DynamicResource TextSecondary}" FontSize="11" FontWeight="SemiBold" Margin="0,0,0,6"/>
                                            <WrapPanel x:Name="wrapBatchColToggles" Orientation="Horizontal"/>
                                        </StackPanel>
                                    </Border>
                                    <Border BorderBrush="{DynamicResource BorderCard}" BorderThickness="0,0,0,1" Padding="0,0,0,12" Margin="0,0,0,12">
                                        <TextBlock x:Name="txtDetailHeader" Text="Wybierz wiersz z listy po lewej stronie" Foreground="{DynamicResource TextPrimary}" FontSize="16" FontWeight="Bold"/>
                                    </Border>
                                    <StackPanel x:Name="panelDiffContainer"/>
                                </StackPanel>
                            </ScrollViewer>
                        </Border>
                    </Grid>

                    <!-- Whole Base Row Preview & Direct Cell Editor -->
                    <Border x:Name="baseRowBorder" Grid.Row="2" Background="{DynamicResource BgCard}" BorderBrush="{DynamicResource BorderCard}" BorderThickness="1" CornerRadius="8" Padding="12,10" Margin="0,10,0,0" Visibility="Collapsed">
                        <Grid>
                            <Grid.RowDefinitions>
                                <RowDefinition Height="Auto"/>
                                <RowDefinition Height="Auto"/>
                            </Grid.RowDefinitions>
                            <!-- Header -->
                            <Grid Grid.Row="0" Margin="0,0,0,8">
                                <Grid.ColumnDefinitions>
                                    <ColumnDefinition Width="Auto"/>
                                    <ColumnDefinition Width="*"/>
                                    <ColumnDefinition Width="Auto"/>
                                </Grid.ColumnDefinitions>
                                <StackPanel Orientation="Horizontal" VerticalAlignment="Center">
                                    <TextBlock Text="📋 " FontSize="14" VerticalAlignment="Center"/>
                                    <TextBlock x:Name="txtBaseRowHeader" Text="Pełny wiersz z bazy danych" Foreground="{DynamicResource TextPrimary}" FontWeight="Bold" FontSize="13" VerticalAlignment="Center"/>
                                    <Border Background="{DynamicResource BgCardHover}" CornerRadius="4" Padding="6,2" Margin="10,0,0,0" VerticalAlignment="Center">
                                        <TextBlock x:Name="txtBaseRowHint" Text="Kliknij dwukrotnie komórkę lub użyj przycisku, aby zmodyfikować dowolne pole bazy" Foreground="{DynamicResource TextSecondary}" FontSize="11"/>
                                    </Border>
                                </StackPanel>
                                <StackPanel Grid.Column="2" Orientation="Horizontal">
                                    <Button x:Name="btnModifyBaseField" Content="✏ Modyfikuj pole w bazie..." Background="{DynamicResource AccentAmber}" Foreground="#FFFFFF" FontWeight="SemiBold" BorderThickness="0" Padding="12,4"/>
                                </StackPanel>
                            </Grid>
                            <!-- DataGrid showing the entire base row with all columns -->
                            <DataGrid x:Name="dgBaseFullRow" Grid.Row="1" Height="86" MaxHeight="110"
                                      AutoGenerateColumns="False" CanUserAddRows="False" CanUserDeleteRows="False"
                                      CanUserReorderColumns="False" CanUserResizeRows="False" CanUserSortColumns="False"
                                      HeadersVisibility="Column"
                                      GridLinesVisibility="All" HorizontalScrollBarVisibility="Auto" VerticalScrollBarVisibility="Auto"
                                      SelectionMode="Single" SelectionUnit="Cell"
                                      Background="{DynamicResource BgCard}" BorderBrush="{DynamicResource BorderCard}" BorderThickness="1"
                                      RowBackground="{DynamicResource DataGridRowBg}" AlternatingRowBackground="{DynamicResource DataGridRowBg}"
                                      HorizontalGridLinesBrush="{DynamicResource GridLines}" VerticalGridLinesBrush="{DynamicResource GridLines}"/>
                        </Grid>
                    </Border>

                    <!-- Bottom Action Controls -->
                    <Border x:Name="actionBorder" Grid.Row="3" Background="{DynamicResource BgCard}" BorderBrush="{DynamicResource BorderCard}" BorderThickness="1" CornerRadius="8" Padding="12,10" Margin="0,10,0,0">
                        <Grid>
                            <Grid.ColumnDefinitions>
                                <ColumnDefinition Width="Auto"/>
                                <ColumnDefinition Width="*"/>
                                <ColumnDefinition Width="Auto"/>
                            </Grid.ColumnDefinitions>
                            <StackPanel Orientation="Horizontal">
                                <Button x:Name="btnBackRow" Content="◀ Wstecz (B)" Margin="0,0,6,0"/>
                                <Button x:Name="btnAcceptRow" Content="✔ Akceptuj (A)" Background="{DynamicResource AccentGreen}" Foreground="#FFFFFF" FontWeight="Bold" BorderThickness="0" Margin="0,0,6,0"/>
                                <Button x:Name="btnRejectRow" Content="✖ Odrzuć (R)" Background="{DynamicResource AccentRed}" Foreground="#FFFFFF" FontWeight="Bold" BorderThickness="0" Margin="0,0,6,0"/>
                                <Button x:Name="btnSkipRow" Content="⏭ Pomiń (S)" Margin="0,0,6,0"/>
                                <Button x:Name="btnEditRow" Content="✏ Zmień wartość... (E)" Background="{DynamicResource AccentAmber}" Foreground="#FFFFFF" BorderThickness="0" Margin="0,0,6,0"/>
                                <Button x:Name="btnUndo" Content="↩ Cofnij (Ctrl+Z)" IsEnabled="False"/>
                            </StackPanel>
                            <StackPanel Grid.Column="1" VerticalAlignment="Center">
                                <StackPanel Orientation="Horizontal" HorizontalAlignment="Center">
                                    <Button x:Name="btnAcceptAll" Content="✔✔ Akceptuj wszystkie" Background="{DynamicResource AccentGreen}" Foreground="#FFFFFF" BorderThickness="0" Margin="0,0,6,0"/>
                                    <Button x:Name="btnRejectAll" Content="✖✖ Odrzuć wszystkie" Background="{DynamicResource AccentRed}" Foreground="#FFFFFF" BorderThickness="0" Margin="0,0,6,0"/>
                                    <Button x:Name="btnExportReport" Content="📊 Eksportuj raport..."/>
                                </StackPanel>
                                <TextBlock x:Name="txtStagingSummary" Text="" HorizontalAlignment="Center" Foreground="{DynamicResource TextSecondary}" FontSize="11" Margin="0,4,0,0"/>
                            </StackPanel>
                            <StackPanel Grid.Column="2" Orientation="Horizontal" VerticalAlignment="Center">
                                <Button x:Name="btnApplyAccepted" Content="Zastosuj do bazy" Background="{DynamicResource AccentBlue}" Foreground="#FFFFFF" FontWeight="Bold" FontSize="13" BorderThickness="0" Padding="14,8" Margin="0,0,6,0" IsEnabled="False"/>
                                <Button x:Name="btnApplyToNewFile" Content="💾 Zapisz do nowego pliku..." Background="{DynamicResource AccentPurple}" Foreground="#FFFFFF" FontWeight="Bold" FontSize="13" BorderThickness="0" Padding="14,8" IsEnabled="False"/>
                            </StackPanel>
                        </Grid>
                    </Border>
                </Grid>
            </TabItem>
        </TabControl>

        <!-- Status Bar -->
        <StatusBar x:Name="statusBar" Grid.Row="2" Background="{DynamicResource StatusBarBg}" Foreground="{DynamicResource StatusBarFg}" BorderBrush="{DynamicResource BorderCard}" BorderThickness="0,1,0,0" Padding="14,6">
            <StatusBarItem>
                <StackPanel Orientation="Horizontal" VerticalAlignment="Center">
                    <TextBlock Text="●" Foreground="{DynamicResource AccentGreen}" FontSize="10" Margin="0,0,8,0" VerticalAlignment="Center"/>
                    <TextBlock x:Name="txtStatusMsg" Text="Gotowy do pracy." Foreground="{DynamicResource StatusBarFg}"/>
                </StackPanel>
            </StatusBarItem>
        </StatusBar>
    </Grid>
</Window>” na typ „System.Xml.XmlDocument”. Błąd: „The 'Style' start tag on line 356 position 10 does not match the end tag of 'Window.Resources'. Line 432, position 7.”
ScriptStackTrace:
w Show-MasterUpdater, D:\Skrypty\ExcelMasterUpdater\Master-Updater.ps1: wiersz 4041
w <ScriptBlock>, D:\Skrypty\ExcelMasterUpdater\Master-Updater.ps1: wiersz 9549
w <ScriptBlock>, D:\Skrypty\ExcelMasterUpdater\start.ps1: wiersz 154
w <ScriptBlock>, <No file>: wiersz 1
Position:
W elemencie D:\Skrypty\ExcelMasterUpdater\start.ps1:154 znak:5
+     & $scriptFile @params
+     ~~~~~~~~~~~~~~~~~~~~~
Inner: System.Management.Automation.PSInvalidCastException: Nie można przekonwertować wartości „<Window xmlns="http://schemas.microsoft.com/winfx/2006/xaml/presentation"
        xmlns:x="http://schemas.microsoft.com/winfx/2006/xaml"
        x:Name="winMasterUpdater"
        Title="Excel Master Updater"
        MinWidth="1100" MinHeight="720"
        Width="1280" Height="860"
        WindowStartupLocation="CenterScreen"
        FontFamily="Segoe UI" FontSize="13"
        TextOptions.TextFormattingMode="Display"
        TextOptions.TextRenderingMode="ClearType"
        SnapsToDevicePixels="True"
        UseLayoutRounding="True">
    <Window.Resources>
        <!-- Dynamic Palette Brushes -->
        <SolidColorBrush x:Key="BgApp" Color="#0F172A"/>
        <SolidColorBrush x:Key="BgHeader" Color="#1E293B"/>
        <SolidColorBrush x:Key="BgCard" Color="#1E293B"/>
        <SolidColorBrush x:Key="BgCardHover" Color="#293548"/>
        <SolidColorBrush x:Key="BorderCard" Color="#334155"/>
        <SolidColorBrush x:Key="BorderSubtle" Color="#1E293B"/>
        <SolidColorBrush x:Key="BorderInput" Color="#374151"/>
        <SolidColorBrush x:Key="TextPrimary" Color="#F8FAFC"/>
        <SolidColorBrush x:Key="TextSecondary" Color="#94A3B8"/>
        <SolidColorBrush x:Key="TextMuted" Color="#64748B"/>
        <SolidColorBrush x:Key="BgInput" Color="#111827"/>
        <SolidColorBrush x:Key="BtnSecondaryBg" Color="#334155"/>
        <SolidColorBrush x:Key="BtnSecondaryFg" Color="#F8FAFC"/>
        <SolidColorBrush x:Key="AccentBlue" Color="#2563EB"/>
        <SolidColorBrush x:Key="AccentGreen" Color="#059669"/>
        <SolidColorBrush x:Key="AccentAmber" Color="#D97706"/>
        <SolidColorBrush x:Key="AccentRed" Color="#DC2626"/>
        <SolidColorBrush x:Key="DataGridRowBg" Color="#1E293B"/>
        <SolidColorBrush x:Key="DataGridAltRowBg" Color="#162032"/>
        <SolidColorBrush x:Key="GridLines" Color="#2D3748"/>
        <SolidColorBrush x:Key="DataGridHeaderBg" Color="#111827"/>
        <SolidColorBrush x:Key="DataGridHeaderFg" Color="#94A3B8"/>
        <SolidColorBrush x:Key="StatusBarBg" Color="#0A0F1D"/>
        <SolidColorBrush x:Key="StatusBarFg" Color="#94A3B8"/>

        <!-- Modern Flat Button Style & ControlTemplate -->
        <Style TargetType="Button">
            <Setter Property="FontFamily" Value="Segoe UI"/>
            <Setter Property="FontSize" Value="13"/>
            <Setter Property="Padding" Value="12,4"/>
            <Setter Property="Cursor" Value="Hand"/>
            <Setter Property="BorderThickness" Value="1"/>
            <Setter Property="BorderBrush" Value="{DynamicResource BorderCard}"/>
            <Setter Property="Background" Value="{DynamicResource BtnSecondaryBg}"/>
            <Setter Property="Foreground" Value="{DynamicResource BtnSecondaryFg}"/>
            <Setter Property="SnapsToDevicePixels" Value="True"/>
            <Setter Property="Template">
                <Setter.Value>
                    <ControlTemplate TargetType="Button">
                        <Border x:Name="btnBdr" Background="{TemplateBinding Background}" BorderBrush="{TemplateBinding BorderBrush}" BorderThickness="{TemplateBinding BorderThickness}" CornerRadius="6" Padding="{TemplateBinding Padding}" SnapsToDevicePixels="True">
                            <ContentPresenter HorizontalAlignment="Center" VerticalAlignment="Center" RecognizesAccessKey="True"/>
                        </Border>
                        <ControlTemplate.Triggers>
                            <Trigger Property="IsMouseOver" Value="True">
                                <Setter TargetName="btnBdr" Property="Opacity" Value="0.88"/>
                            </Trigger>
                            <Trigger Property="IsPressed" Value="True">
                                <Setter TargetName="btnBdr" Property="Opacity" Value="0.75"/>
                            </Trigger>
                            <Trigger Property="IsEnabled" Value="False">
                                <Setter TargetName="btnBdr" Property="Opacity" Value="0.4"/>
                            </Trigger>
                        </ControlTemplate.Triggers>
                    </ControlTemplate>
                </Setter.Value>
            </Setter>
        </Style>

        <!-- Modern Flat TextBox Style & ControlTemplate -->
        <Style TargetType="TextBox">
            <Setter Property="FontFamily" Value="Segoe UI"/>
            <Setter Property="FontSize" Value="13"/>
            <Setter Property="Background" Value="{DynamicResource BgInput}"/>
            <Setter Property="Foreground" Value="{DynamicResource TextPrimary}"/>
            <Setter Property="BorderBrush" Value="{DynamicResource BorderInput}"/>
            <Setter Property="BorderThickness" Value="1"/>
            <Setter Property="Padding" Value="6,4"/>
            <Setter Property="VerticalContentAlignment" Value="Center"/>
            <Setter Property="CaretBrush" Value="{DynamicResource TextPrimary}"/>
            <Setter Property="SnapsToDevicePixels" Value="True"/>
            <Setter Property="Template">
                <Setter.Value>
                    <ControlTemplate TargetType="TextBox">
                        <Border x:Name="tbBdr" Background="{TemplateBinding Background}" BorderBrush="{TemplateBinding BorderBrush}" BorderThickness="{TemplateBinding BorderThickness}" CornerRadius="6" Padding="{TemplateBinding Padding}" SnapsToDevicePixels="True">
                            <ScrollViewer x:Name="PART_ContentHost" Focusable="False" HorizontalScrollBarVisibility="Hidden" VerticalScrollBarVisibility="Hidden"/>
                        </Border>
                        <ControlTemplate.Triggers>
                            <Trigger Property="IsMouseOver" Value="True">
                                <Setter TargetName="tbBdr" Property="BorderBrush" Value="{DynamicResource AccentBlue}"/>
                            </Trigger>
                            <Trigger Property="IsKeyboardFocused" Value="True">
                                <Setter TargetName="tbBdr" Property="BorderBrush" Value="{DynamicResource AccentBlue}"/>
                            </Trigger>
                        </ControlTemplate.Triggers>
                    </ControlTemplate>
                </Setter.Value>
            </Setter>
        </Style>

        <!-- Modern ComboBoxItem Style -->
        <Style TargetType="ComboBoxItem">
            <Setter Property="Background" Value="{DynamicResource BgCard}"/>
            <Setter Property="Foreground" Value="{DynamicResource TextPrimary}"/>
            <Setter Property="Padding" Value="6,4"/>
            <Setter Property="Cursor" Value="Hand"/>
            <Setter Property="Template">
                <Setter.Value>
                    <ControlTemplate TargetType="ComboBoxItem">
                        <Border x:Name="cbiBorder" Background="{TemplateBinding Background}" Padding="{TemplateBinding Padding}" SnapsToDevicePixels="True">
                            <ContentPresenter/>
                        </Border>
                        <ControlTemplate.Triggers>
                            <Trigger Property="IsMouseOver" Value="True">
                                <Setter TargetName="cbiBorder" Property="Background" Value="{DynamicResource BgCardHover}"/>
                            </Trigger>
                            <Trigger Property="IsSelected" Value="True">
                                <Setter TargetName="cbiBorder" Property="Background" Value="{DynamicResource AccentBlue}"/>
                                <Setter Property="Foreground" Value="#FFFFFF"/>
                            </Trigger>
                        </ControlTemplate.Triggers>
                    </ControlTemplate>
                </Setter.Value>
            </Setter>
        </Style>

        <!-- Modern Flat ComboBox Style & ControlTemplate -->
        <ControlTemplate x:Key="ComboBoxToggleButton" TargetType="ToggleButton">
            <Grid>
                <Grid.ColumnDefinitions>
                    <ColumnDefinition />
                    <ColumnDefinition Width="28" />
                </Grid.ColumnDefinitions>
                <Border x:Name="Border" Grid.ColumnSpan="2" CornerRadius="6"
                        Background="{TemplateBinding Background}"
                        BorderBrush="{TemplateBinding BorderBrush}"
                        BorderThickness="{TemplateBinding BorderThickness}" />
                <Path x:Name="Arrow" Grid.Column="1" HorizontalAlignment="Center" VerticalAlignment="Center"
                      Data="M 0 0 L 4 4 L 8 0 Z" Fill="{DynamicResource TextSecondary}" />
            </Grid>
            <ControlTemplate.Triggers>
                <Trigger Property="IsMouseOver" Value="true">
                    <Setter TargetName="Border" Property="BorderBrush" Value="{DynamicResource AccentBlue}" />
                </Trigger>
                <Trigger Property="IsEnabled" Value="false">
                    <Setter TargetName="Border" Property="Opacity" Value="0.5" />
                    <Setter TargetName="Arrow" Property="Opacity" Value="0.5" />
                </Trigger>
            </ControlTemplate.Triggers>
        </ControlTemplate>

        <Style TargetType="ComboBox">
            <Setter Property="FontFamily" Value="Segoe UI"/>
            <Setter Property="FontSize" Value="13"/>
            <Setter Property="Background" Value="{DynamicResource BgInput}"/>
            <Setter Property="Foreground" Value="{DynamicResource TextPrimary}"/>
            <Setter Property="BorderBrush" Value="{DynamicResource BorderInput}"/>
            <Setter Property="BorderThickness" Value="1"/>
            <Setter Property="Padding" Value="8,6"/>
            <Setter Property="ScrollViewer.HorizontalScrollBarVisibility" Value="Auto"/>
            <Setter Property="ScrollViewer.VerticalScrollBarVisibility" Value="Auto"/>
            <Setter Property="ScrollViewer.CanContentScroll" Value="True"/>
            <Setter Property="SnapsToDevicePixels" Value="True"/>
            <Setter Property="Template">
                <Setter.Value>
                    <ControlTemplate TargetType="ComboBox">
                        <Grid>
                            <ToggleButton Name="ToggleButton"
                                          Template="{StaticResource ComboBoxToggleButton}"
                                          Focusable="false"
                                          IsChecked="{Binding Path=IsDropDownOpen, Mode=TwoWay, RelativeSource={RelativeSource TemplatedParent}}"
                                          ClickMode="Press"
                                          Background="{TemplateBinding Background}"
                                          BorderBrush="{TemplateBinding BorderBrush}"
                                          BorderThickness="{TemplateBinding BorderThickness}"/>
                            <ContentPresenter Name="ContentSite"
                                              IsHitTestVisible="False"
                                              Content="{TemplateBinding SelectionBoxItem}"
                                              ContentTemplate="{TemplateBinding SelectionBoxItemTemplate}"
                                              ContentTemplateSelector="{TemplateBinding ItemTemplateSelector}"
                                              Margin="10,6,28,6"
                                              VerticalAlignment="Center"
                                              HorizontalAlignment="Left"/>
                            <Popup Name="Popup"
                                   Placement="Bottom"
                                   IsOpen="{TemplateBinding IsDropDownOpen}"
                                   AllowsTransparency="True"
                                   Focusable="False"
                                   PopupAnimation="Slide">
                                <Grid Name="DropDown"
                                      SnapsToDevicePixels="True"
                                      MinWidth="{TemplateBinding ActualWidth}"
                                      MaxHeight="{TemplateBinding MaxDropDownHeight}">
                                    <Border x:Name="DropDownBorder"
                                            Background="{DynamicResource BgCard}"
                                            BorderThickness="1"
                                            BorderBrush="{DynamicResource BorderCard}"
                                            CornerRadius="6"
                                            Margin="0,2,0,4">
                                        <ScrollViewer Margin="2,4" SnapsToDevicePixels="True">
                                            <StackPanel IsItemsHost="True" KeyboardNavigation.DirectionalNavigation="Contained" />
                                        </ScrollViewer>
                                    </Border>
                                </Grid>
                            </Popup>
                        </Grid>
                        <ControlTemplate.Triggers>
                            <Trigger Property="HasItems" Value="false">
                                <Setter TargetName="DropDownBorder" Property="MinHeight" Value="30"/>
                            </Trigger>
                            <Trigger Property="IsGrouping" Value="true">
                                <Setter Property="ScrollViewer.CanContentScroll" Value="false"/>
                            </Trigger>
                        </ControlTemplate.Triggers>
                    </ControlTemplate>
                </Setter.Value>
            </Setter>
        </Style>

        <!-- Modern Flat TabControl & TabItem Style -->
        <Style TargetType="TabControl">
            <Setter Property="Background" Value="Transparent"/>
            <Setter Property="BorderThickness" Value="0"/>
            <Setter Property="Padding" Value="0"/>
            <Setter Property="Template">
                <Setter.Value>
                    <ControlTemplate TargetType="TabControl">
                        <Grid>
                            <Grid.RowDefinitions>
                                <RowDefinition Height="Auto"/>
                                <RowDefinition Height="*"/>
                            </Grid.RowDefinitions>
                            <Border Background="{DynamicResource BgCard}" BorderBrush="{DynamicResource BorderCard}" BorderThickness="0,0,0,1" Padding="16,0">
                                <TabPanel IsItemsHost="True" VerticalAlignment="Center"/>
                            </Border>
                            <ContentPresenter Grid.Row="1" ContentSource="SelectedContent" Margin="{TemplateBinding Padding}"/>
                        </Grid>
                    </ControlTemplate>
                </Setter.Value>
            </Setter>
        </Style>

        <Style TargetType="TabItem">
            <Setter Property="FontFamily" Value="Segoe UI"/>
            <Setter Property="FontSize" Value="13"/>
            <Setter Property="FontWeight" Value="SemiBold"/>
            <Setter Property="Foreground" Value="{DynamicResource TextSecondary}"/>
            <Setter Property="Background" Value="Transparent"/>
            <Setter Property="Padding" Value="12,6"/>
            <Setter Property="Cursor" Value="Hand"/>
            <Setter Property="Template">
                <Setter.Value>
                    <ControlTemplate TargetType="TabItem">
                        <Grid x:Name="root">
                            <Border x:Name="tabBorder" Background="Transparent" Padding="{TemplateBinding Padding}">
                                <ContentPresenter ContentSource="Header" HorizontalAlignment="Center" VerticalAlignment="Center"/>
                            </Border>
                            <Border x:Name="activeIndicator" Height="3" Background="Transparent" VerticalAlignment="Bottom" Margin="4,0,4,0"/>
                        </Grid>
                        <ControlTemplate.Triggers>
                            <Trigger Property="IsMouseOver" Value="True">
                                <Setter Property="Foreground" Value="{DynamicResource TextPrimary}"/>
                            </Trigger>
                            <Trigger Property="IsSelected" Value="True">
                                <Setter Property="Foreground" Value="{DynamicResource AccentBlue}"/>
                                <Setter TargetName="activeIndicator" Property="Background" Value="{DynamicResource AccentBlue}"/>
                            </Trigger>
                        </ControlTemplate.Triggers>
                    </ControlTemplate>
                </Setter.Value>
            </Setter>
        </Style>

        <!-- Modern ListBox & ListBoxItem Style -->
        <Style TargetType="ListBox">
            <Setter Property="Background" Value="{DynamicResource BgCard}"/>
            <Setter Property="BorderBrush" Value="{DynamicResource BorderCard}"/>
            <Setter Property="BorderThickness" Value="1"/>
            <Setter Property="ScrollViewer.HorizontalScrollBarVisibility" Value="Disabled"/>
            <Setter Property="ScrollViewer.CanContentScroll" Value="True"/>
            <Setter Property="VirtualizingStackPanel.IsVirtualizing" Value="True"/>
            <Setter Property="VirtualizingStackPanel.VirtualizationMode" Value="Recycling"/>
        </Style>

        <Style TargetType="ListBoxItem">
            <Setter Property="Padding" Value="0"/>
            <Setter Property="Margin" Value="0,0,0,4"/>
            <Setter Property="Background" Value="Transparent"/>
            <Setter Property="Foreground" Value="{DynamicResource TextPrimary}"/>
            <Setter Property="FocusVisualStyle" Value="{x:Null}"/>
            <Setter Property="Cursor" Value="Hand"/>
            <Setter Property="Template">
                <Setter.Value>
                    <ControlTemplate TargetType="ListBoxItem">
                        <Border x:Name="itemBorder" Background="{DynamicResource BgCard}" BorderBrush="{DynamicResource BorderCard}" BorderThickness="1" CornerRadius="6" Padding="10,8" SnapsToDevicePixels="True">
                            <ContentPresenter/>
                        </Border>
                        <ControlTemplate.Triggers>
                            <Trigger Property="IsMouseOver" Value="True">
                                <Setter TargetName="itemBorder" Property="Background" Value="{DynamicResource BgCardHover}"/>
                                <Setter TargetName="itemBorder" Property="BorderBrush" Value="{DynamicResource BorderInput}"/>
                            </Trigger>
                            <Trigger Property="IsSelected" Value="True">
                                <Setter TargetName="itemBorder" Property="Background" Value="{DynamicResource BgCardHover}"/>
                                <Setter TargetName="itemBorder" Property="BorderBrush" Value="{DynamicResource AccentBlue}"/>
                                <Setter TargetName="itemBorder" Property="BorderThickness" Value="1.5"/>
                                <Setter Property="Foreground" Value="{DynamicResource TextPrimary}"/>
                            </Trigger>
                        </ControlTemplate.Triggers>
                    </ControlTemplate>
                </Setter.Value>
            </Setter>
        </Style>

        <!-- Modern Flat DataGrid Styles -->
        <Style TargetType="DataGrid">
            <Setter Property="Background" Value="{DynamicResource BgCard}"/>
            <Setter Property="BorderBrush" Value="{DynamicResource BorderCard}"/>
            <Setter Property="BorderThickness" Value="1"/>
            <Setter Property="RowBackground" Value="{DynamicResource DataGridRowBg}"/>
            <Setter Property="AlternatingRowBackground" Value="{DynamicResource DataGridAltRowBg}"/>
            <Setter Property="HorizontalGridLinesBrush" Value="{DynamicResource GridLines}"/>
            <Setter Property="VerticalGridLinesBrush" Value="Transparent"/>
            <Setter Property="HeadersVisibility" Value="Column"/>
            <Setter Property="GridLinesVisibility" Value="Horizontal"/>
            <Setter Property="RowHeight" Value="34"/>
            <Setter Property="CanUserResizeRows" Value="False"/>
            <Setter Property="AutoGenerateColumns" Value="False"/>
        </Style>

        <Style TargetType="DataGridColumnHeader">
            <Setter Property="Background" Value="{DynamicResource DataGridHeaderBg}"/>
            <Setter Property="Foreground" Value="{DynamicResource DataGridHeaderFg}"/>
            <Setter Property="FontWeight" Value="SemiBold"/>
            <Setter Property="Height" Value="34"/>
            <Setter Property="Padding" Value="10,0"/>
            <Setter Property="BorderBrush" Value="{DynamicResource BorderCard}"/>
            <Setter Property="BorderThickness" Value="0,0,1,1"/>
            <Setter Property="VerticalContentAlignment" Value="Center"/>
        </Style>

        <Style TargetType="DataGridRow">
            <Setter Property="SnapsToDevicePixels" Value="true"/>
            <Setter Property="Validation.ErrorTemplate" Value="{x:Null}"/>
            <Style.Triggers>
                <Trigger Property="IsSelected" Value="true">
                    <Setter Property="Background" Value="{DynamicResource BgCardHover}"/>
                    <Setter Property="Foreground" Value="{DynamicResource TextPrimary}"/>
                </Trigger>
            </Style.Triggers>
        </Style>

        <Style TargetType="DataGridCell">
            <Setter Property="Foreground" Value="{DynamicResource TextPrimary}"/>
            <Setter Property="BorderThickness" Value="0"/>
            <Setter Property="Padding" Value="10,4"/>
            <Setter Property="Template">
                <Setter.Value>
                    <ControlTemplate TargetType="DataGridCell">
                        <Border x:Name="cellBorder" Background="{TemplateBinding Background}" Padding="{TemplateBinding Padding}">
                            <ContentPresenter VerticalAlignment="Center"/>
                        </Border>
                        <ControlTemplate.Triggers>
                            <Trigger Property="IsSelected" Value="True">
                                <Setter TargetName="cellBorder" Property="Background" Value="{DynamicResource BgCardHover}"/>
                                <Setter Property="Foreground" Value="{DynamicResource TextPrimary}"/>
                            </Trigger>
                        </ControlTemplate.Triggers>
                    </ControlTemplate>
                </Setter.Value>
            </Setter>
        <!-- Modern Flat ScrollBar Styles -->
        <Style x:Key="ModernScrollBarThumb" TargetType="{x:Type Thumb}">
            <Setter Property="IsTabStop" Value="False"/>
            <Setter Property="Focusable" Value="False"/>
            <Setter Property="Template">
                <Setter.Value>
                    <ControlTemplate TargetType="{x:Type Thumb}">
                        <Border CornerRadius="4" Background="{DynamicResource TextMuted}" Margin="2" Opacity="0.4">
                            <Border.Style>
                                <Style TargetType="Border">
                                    <Style.Triggers>
                                        <Trigger Property="IsMouseOver" Value="True">
                                            <Setter Property="Opacity" Value="0.7"/>
                                        </Trigger>
                                    </Style.Triggers>
                                </Style>
                            </Border.Style>
                        </Border>
                    </ControlTemplate>
                </Setter.Value>
            </Setter>
        </Style>

        <Style TargetType="{x:Type ScrollBar}">
            <Setter Property="Background" Value="Transparent"/>
            <Setter Property="BorderThickness" Value="0"/>
            <Setter Property="Template">
                <Setter.Value>
                    <ControlTemplate TargetType="{x:Type ScrollBar}">
                        <Grid Background="{TemplateBinding Background}">
                            <Track x:Name="PART_Track" IsDirectionReversed="true">
                                <Track.DecreaseRepeatButton>
                                    <RepeatButton Command="ScrollBar.PageUpCommand" Opacity="0" Focusable="False"/>
                                </Track.DecreaseRepeatButton>
                                <Track.Thumb>
                                    <Thumb Style="{StaticResource ModernScrollBarThumb}" />
                                </Track.Thumb>
                                <Track.IncreaseRepeatButton>
                                    <RepeatButton Command="ScrollBar.PageDownCommand" Opacity="0" Focusable="False"/>
                                </Track.IncreaseRepeatButton>
                            </Track>
                        </Grid>
                        <ControlTemplate.Triggers>
                            <Trigger Property="Orientation" Value="Horizontal">
                                <Setter TargetName="PART_Track" Property="IsDirectionReversed" Value="False"/>
                                <Setter Property="Height" Value="12"/>
                                <Setter Property="MinHeight" Value="12"/>
                            </Trigger>
                            <Trigger Property="Orientation" Value="Vertical">
                                <Setter Property="Width" Value="12"/>
                                <Setter Property="MinWidth" Value="12"/>
                            </Trigger>
                        </ControlTemplate.Triggers>
                    </ControlTemplate>
                </Setter.Value>
            </Setter>
        </Style>
    </Window.Resources>
    <Grid x:Name="mainGrid" Background="{DynamicResource BgApp}">
        <Grid.RowDefinitions>
            <RowDefinition Height="Auto"/>
            <RowDefinition Height="*"/>
            <RowDefinition Height="Auto"/>
        </Grid.RowDefinitions>

        <!-- Top Header Bar -->
        <Border x:Name="topHeaderBorder" Grid.Row="0" Background="{DynamicResource BgHeader}" BorderBrush="{DynamicResource BorderCard}" BorderThickness="0,0,0,1" Padding="12,6">
            <Grid>
                <Grid.RowDefinitions>
                    <RowDefinition Height="Auto"/>
                    <RowDefinition Height="Auto"/>
                </Grid.RowDefinitions>

                <!-- Brand & Utilities -->
                <Grid Grid.Row="0" Margin="0,0,0,6">
                    <Grid.ColumnDefinitions>
                        <ColumnDefinition Width="*"/>
                        <ColumnDefinition Width="Auto"/>
                    </Grid.ColumnDefinitions>
                    <StackPanel Orientation="Horizontal" VerticalAlignment="Center">
                        <Border Background="{DynamicResource AccentBlue}" CornerRadius="6" Width="30" Height="30" Margin="0,0,10,0">
                            <TextBlock Text="⇄" Foreground="#FFFFFF" FontSize="18" FontWeight="Bold" HorizontalAlignment="Center" VerticalAlignment="Center"/>
                        </Border>
                        <StackPanel VerticalAlignment="Center">
                            <TextBlock x:Name="txtAppTitle" Text="Excel Master Updater" Foreground="{DynamicResource TextPrimary}" FontSize="17" FontWeight="Bold"/>
                            <TextBlock x:Name="txtAppSubtitle" Text="Wielowątkowa synchronizacja i scalanie arkuszy danych" Foreground="{DynamicResource TextSecondary}" FontSize="11" Margin="0,1,0,0"/>
                        </StackPanel>
                        <Border x:Name="badgeProfile" Background="{DynamicResource BgCardHover}" BorderBrush="{DynamicResource BorderCard}" BorderThickness="1" CornerRadius="12" Padding="10,3" Margin="16,0,0,0" VerticalAlignment="Center" Visibility="Collapsed">
                            <TextBlock x:Name="txtProfileBadge" Text="Profil: Automatyczny" Foreground="{DynamicResource TextPrimary}" FontSize="11" FontWeight="Medium"/>
                        </Border>
                    </StackPanel>

                    <StackPanel Grid.Column="1" Orientation="Horizontal" VerticalAlignment="Center">
                        <Border Background="{DynamicResource BgCard}" BorderBrush="{DynamicResource BorderCard}" BorderThickness="1" CornerRadius="6" Padding="8,4" Margin="0,0,10,0">
                            <StackPanel Orientation="Horizontal" VerticalAlignment="Center">
                                <TextBlock x:Name="lblLanguage" Text="Język:" Foreground="{DynamicResource TextSecondary}" VerticalAlignment="Center" Margin="0,0,6,0"/>
                                <ComboBox x:Name="cmbLanguage" Width="95" Background="{DynamicResource BgInput}" Foreground="{DynamicResource TextPrimary}" BorderThickness="0"/>
                            </StackPanel>
                        </Border>
                        <Button x:Name="btnThemeToggle" Content="🌙 Ciemny" Margin="0,0,6,0"/>
                        <Button x:Name="btnSettings" Content="⚙ Ustawienia" Margin="0,0,6,0"/>
                        <Button x:Name="btnRestoreBackup" Content="↺ Przywróć kopię" Margin="0,0,6,0"/>
                        <Button x:Name="btnOpenBackups" Content="📁 Kopie" Margin="0,0,6,0"/>
                        <Button x:Name="btnOpenLogs" Content="📋 Logi" Margin="0,0,6,0"/>
                        <Button x:Name="btnHelp" Content="❓ Pomoc"/>
                    </StackPanel>
                </Grid>

                <!-- Source File Cards (Side-by-Side) -->
                <Grid Grid.Row="1">
                    <Grid.ColumnDefinitions>
                        <ColumnDefinition Width="*"/>
                        <ColumnDefinition Width="12"/>
                        <ColumnDefinition Width="*"/>
                    </Grid.ColumnDefinitions>

                    <!-- Card 1: Master Base File -->
                    <Border x:Name="cardBaseFile" Grid.Column="0" AllowDrop="True" Background="{DynamicResource BgCard}" BorderBrush="{DynamicResource BorderCard}" BorderThickness="1" CornerRadius="8" Padding="10,6">
                        <Grid>
                            <Grid.RowDefinitions>
                                <RowDefinition Height="Auto"/>
                                <RowDefinition Height="Auto"/>
                            </Grid.RowDefinitions>
                            <Grid Grid.Row="0" Margin="0,0,0,4">
                                <Grid.ColumnDefinitions>
                                    <ColumnDefinition Width="*"/>
                                    <ColumnDefinition Width="Auto"/>
                                    <ColumnDefinition Width="140"/>
                                </Grid.ColumnDefinitions>
                                <StackPanel Orientation="Horizontal" VerticalAlignment="Center">
                                    <TextBlock Text="📁" FontSize="13" Margin="0,0,6,0"/>
                                    <TextBlock x:Name="lblBasePath" Text="Baza główna" Foreground="{DynamicResource TextPrimary}" FontWeight="SemiBold"/>
                                </StackPanel>
                                <TextBlock x:Name="lblBaseSheet" Text="Arkusz:" Grid.Column="1" Foreground="{DynamicResource TextSecondary}" FontSize="12" VerticalAlignment="Center" Margin="0,0,6,0"/>
                                <ComboBox x:Name="cmbBaseSheet" Grid.Column="2" Background="{DynamicResource BgInput}" Foreground="{DynamicResource TextPrimary}" BorderBrush="{DynamicResource BorderInput}"/>
                            </Grid>
                            <Grid Grid.Row="1">
                                <Grid.ColumnDefinitions>
                                    <ColumnDefinition Width="*"/>
                                    <ColumnDefinition Width="Auto"/>
                                </Grid.ColumnDefinitions>
                                <TextBox x:Name="txtBasePath" Grid.Column="0" Background="{DynamicResource BgInput}" Foreground="{DynamicResource TextPrimary}" BorderBrush="{DynamicResource BorderInput}" IsReadOnly="True" AllowDrop="True" Margin="0,0,8,0"/>
                                <Button x:Name="btnBrowseBase" Grid.Column="1" Content="Wybierz bazę..."/>
                            </Grid>
                        </Grid>
                    </Border>

                    <!-- Card 2: Incoming Update File -->
                    <Border x:Name="cardIncomingFile" Grid.Column="2" AllowDrop="True" Background="{DynamicResource BgCard}" BorderBrush="{DynamicResource BorderCard}" BorderThickness="1" CornerRadius="8" Padding="10,6">
                        <Grid>
                            <Grid.RowDefinitions>
                                <RowDefinition Height="Auto"/>
                                <RowDefinition Height="Auto"/>
                            </Grid.RowDefinitions>
                            <Grid Grid.Row="0" Margin="0,0,0,4">
                                <Grid.ColumnDefinitions>
                                    <ColumnDefinition Width="*"/>
                                    <ColumnDefinition Width="Auto"/>
                                    <ColumnDefinition Width="140"/>
                                </Grid.ColumnDefinitions>
                                <StackPanel Orientation="Horizontal" VerticalAlignment="Center">
                                    <TextBlock Text="📥" FontSize="13" Margin="0,0,6,0"/>
                                    <TextBlock x:Name="lblIncomingPath" Text="Plik zmian" Foreground="{DynamicResource TextPrimary}" FontWeight="SemiBold"/>
                                </StackPanel>
                                <TextBlock x:Name="lblIncomingSheet" Text="Arkusz:" Grid.Column="1" Foreground="{DynamicResource TextSecondary}" FontSize="12" VerticalAlignment="Center" Margin="0,0,6,0"/>
                                <ComboBox x:Name="cmbIncomingSheet" Grid.Column="2" Background="{DynamicResource BgInput}" Foreground="{DynamicResource TextPrimary}" BorderBrush="{DynamicResource BorderInput}"/>
                            </Grid>
                            <Grid Grid.Row="1">
                                <Grid.ColumnDefinitions>
                                    <ColumnDefinition Width="*"/>
                                    <ColumnDefinition Width="Auto"/>
                                </Grid.ColumnDefinitions>
                                <TextBox x:Name="txtIncomingPath" Grid.Column="0" Background="{DynamicResource BgInput}" Foreground="{DynamicResource TextPrimary}" BorderBrush="{DynamicResource BorderInput}" AllowDrop="True" Margin="0,0,8,0"/>
                                <Button x:Name="btnBrowseIncoming" Grid.Column="1" Content="Wybierz zmiany..."/>
                            </Grid>
                        </Grid>
                    </Border>
                </Grid>
            </Grid>
        </Border>

        <!-- Main Tab Control -->
        <TabControl x:Name="mainTabs" Grid.Row="1">
            <!-- Tab 1: Column Mapping -->
            <TabItem x:Name="tabMapping" Header="1. Mapowanie kolumn">
                <Grid Margin="18">
                    <Grid.RowDefinitions>
                        <RowDefinition Height="Auto"/>
                        <RowDefinition Height="2*" MinHeight="90"/>
                        <RowDefinition Height="8"/>
                        <RowDefinition Height="3*" MinHeight="48"/>
                        <RowDefinition Height="Auto"/>
                    </Grid.RowDefinitions>
                    <!-- Action Toolbar -->
                    <Border Background="{DynamicResource BgCard}" BorderBrush="{DynamicResource BorderCard}" BorderThickness="1" CornerRadius="8" Padding="12,8" Margin="0,0,0,10">
                        <Grid>
                            <Grid.ColumnDefinitions>
                                <ColumnDefinition Width="*"/>
                                <ColumnDefinition Width="Auto"/>
                            </Grid.ColumnDefinitions>
                            <StackPanel Orientation="Horizontal" VerticalAlignment="Center">
                                <Button x:Name="btnAutoMap" Content="⚡ Automatyczne mapowanie" Background="{DynamicResource AccentBlue}" Foreground="#FFFFFF" FontWeight="SemiBold" BorderThickness="0" Margin="0,0,8,0"/>
                                <Button x:Name="btnAddRule" Content="+ Dodaj regułę" Margin="0,0,8,0"/>
                                <Button x:Name="btnEditRule" Content="Edytuj regułę" Margin="0,0,8,0"/>
                                <Button x:Name="btnRemoveRule" Content="Usuń regułę" Margin="0,0,8,0"/>
                                <Button x:Name="btnSaveProfile" Content="Zapisz profil"/>
                            </StackPanel>

                            <!-- Mapping Rules Search & Filter -->
                            <Border Grid.Column="1" Background="{DynamicResource BgInput}" BorderBrush="{DynamicResource BorderInput}" BorderThickness="1" CornerRadius="6" Padding="6,2" Width="220" VerticalAlignment="Center">
                                <Grid>
                                    <Grid.ColumnDefinitions>
                                        <ColumnDefinition Width="Auto"/>
                                        <ColumnDefinition Width="*"/>
                                        <ColumnDefinition Width="Auto"/>
                                    </Grid.ColumnDefinitions>
                                    <TextBlock Grid.Column="0" Text="🔍" FontSize="11" Foreground="{DynamicResource TextMuted}" VerticalAlignment="Center" Margin="2,0,5,0"/>
                                    <TextBox x:Name="txtSearchMapping" Grid.Column="1" Background="Transparent" Foreground="{DynamicResource TextPrimary}" BorderThickness="0" Padding="0,2" VerticalAlignment="Center"/>
                                    <Button x:Name="btnSearchMappingClear" Grid.Column="2" Content="✕" Width="16" Height="16" Padding="0" FontSize="9" Background="Transparent" Foreground="{DynamicResource TextMuted}" BorderThickness="0" Cursor="Hand" Visibility="Collapsed"/>
                                </Grid>
                            </Border>
                        </Grid>
                    </Border>

                    <!-- Mapping Grid & Join Key Split -->
                    <Grid Grid.Row="1">
                        <Grid.ColumnDefinitions>
                            <ColumnDefinition Width="*"/>
                            <ColumnDefinition Width="14"/>
                            <ColumnDefinition Width="340"/>
                        </Grid.ColumnDefinitions>

                        <!-- Mapping Rules DataGrid in Card -->
                        <Border Grid.Column="0" Background="{DynamicResource BgCard}" BorderBrush="{DynamicResource BorderCard}" BorderThickness="1" CornerRadius="8" Padding="0">
                            <DataGrid x:Name="gridMappingRules" Margin="0" AutoGenerateColumns="False" CanUserAddRows="False"
                                      CanUserDeleteRows="False" CanUserReorderColumns="False" CanUserResizeRows="False"
                                      HorizontalScrollBarVisibility="Auto" VerticalScrollBarVisibility="Auto">
                                <DataGrid.Columns>
                                    <DataGridTextColumn x:Name="colBase" Header="Kolumny w bazie" Binding="{Binding BaseColsStr}" Width="*"/>
                                    <DataGridTextColumn x:Name="colIncoming" Header="Kolumny w pliku zmian" Binding="{Binding UpdColsStr}" Width="*"/>
                                    <DataGridTextColumn x:Name="colMergeMode" Header="Tryb łączenia" Binding="{Binding MergeMode}" Width="120"/>
                                    <DataGridTextColumn x:Name="colSeparator" Header="Separator" Binding="{Binding Separator}" Width="80"/>
                                    <DataGridTextColumn x:Name="colDiffPolicy" Header="Zasada zmian" Binding="{Binding DiffPolicyDisplay}" Width="160"/>
                                </DataGrid.Columns>
                            </DataGrid>
                        </Border>

                        <!-- Join Key Picker in Card -->
                        <Border x:Name="joinBorder" Grid.Column="2" Background="{DynamicResource BgCard}" BorderBrush="{DynamicResource BorderCard}" BorderThickness="1" CornerRadius="8" Padding="14">
                            <Grid>
                                <Grid.RowDefinitions>
                                    <RowDefinition Height="Auto"/>
                                    <RowDefinition Height="Auto"/>
                                    <RowDefinition Height="*"/>
                                    <RowDefinition Height="Auto"/>
                                    <RowDefinition Height="*"/>
                                </Grid.RowDefinitions>
                                <StackPanel Grid.Row="0" Margin="0,0,0,10">
                                    <TextBlock x:Name="lblJoinKeyTitle" Text="🔗 Klucz złączenia (Join Key)" Foreground="{DynamicResource TextPrimary}" FontWeight="Bold" FontSize="14"/>
                                    <TextBlock x:Name="lblJoinKeyHint" Text="Zaznacz kolumny jednoznacznie identyfikujące wiersz." Foreground="{DynamicResource TextSecondary}" FontSize="11" Margin="0,2,0,0"/>
                                </StackPanel>

                                <TextBlock x:Name="lblJoinBaseSub" Grid.Row="1" Text="Kolumny klucza bazy:" Foreground="{DynamicResource TextSecondary}" FontSize="12" Margin="0,0,0,4"/>
                                <ListBox x:Name="lbJoinBase" Grid.Row="2" Background="{DynamicResource BgInput}" BorderBrush="{DynamicResource BorderInput}" SelectionMode="Extended" Margin="0,0,0,10"/>

                                <TextBlock x:Name="lblJoinIncomingSub" Grid.Row="3" Text="Kolumny klucza zmian:" Foreground="{DynamicResource TextSecondary}" FontSize="12" Margin="0,0,0,4"/>
                                <ListBox x:Name="lbJoinIncoming" Grid.Row="4" Background="{DynamicResource BgInput}" BorderBrush="{DynamicResource BorderInput}" SelectionMode="Extended"/>
                            </Grid>
                        </Border>
                    </Grid>

                    <!-- Splitter between Mapping and Data Preview with Grab Handle -->
                    <GridSplitter Grid.Row="2" Height="8" HorizontalAlignment="Stretch" VerticalAlignment="Center"
                                  Background="Transparent" Cursor="SizeNS" ResizeDirection="Rows" ResizeBehavior="PreviousAndNext">
                        <GridSplitter.Template>
                            <ControlTemplate TargetType="GridSplitter">
                                <Border Background="Transparent" VerticalAlignment="Stretch" HorizontalAlignment="Stretch" Padding="0,2">
                                    <Grid VerticalAlignment="Center">
                                        <Rectangle x:Name="splitLine" Height="1" Fill="{DynamicResource BorderCard}" HorizontalAlignment="Stretch"/>
                                        <Border x:Name="splitPill" Width="48" Height="4" Background="{DynamicResource BorderCard}" CornerRadius="2" HorizontalAlignment="Center"/>
                                    </Grid>
                                </Border>
                                <ControlTemplate.Triggers>
                                    <Trigger Property="IsMouseOver" Value="True">
                                        <Setter TargetName="splitLine" Property="Fill" Value="{DynamicResource AccentBlue}"/>
                                        <Setter TargetName="splitPill" Property="Background" Value="{DynamicResource AccentBlue}"/>
                                    </Trigger>
                                </ControlTemplate.Triggers>
                            </ControlTemplate>
                        </GridSplitter.Template>
                    </GridSplitter>

                    <!-- Data & Mapping Live Preview Card -->
                    <Border x:Name="cardDataPreview" Grid.Row="3" Background="{DynamicResource BgCard}" BorderBrush="{DynamicResource BorderCard}" BorderThickness="1" CornerRadius="8" Padding="12,10" Margin="0,4,0,0">
                        <Grid>
                            <Grid.RowDefinitions>
                                <RowDefinition Height="Auto"/>
                                <RowDefinition Height="*"/>
                            </Grid.RowDefinitions>

                            <!-- Preview Header with Controls -->
                            <Grid Grid.Row="0" Margin="0,0,0,8">
                                <Grid.ColumnDefinitions>
                                    <ColumnDefinition Width="Auto"/>
                                    <ColumnDefinition Width="*"/>
                                    <ColumnDefinition Width="Auto"/>
                                </Grid.ColumnDefinitions>

                                <StackPanel Orientation="Horizontal" VerticalAlignment="Center">
                                    <TextBlock Text="📋 " FontSize="14" VerticalAlignment="Center"/>
                                    <TextBlock x:Name="txtPreviewHeader" Text="Podgląd danych i mapowania" Foreground="{DynamicResource TextPrimary}" FontWeight="Bold" FontSize="13" VerticalAlignment="Center"/>
                                    <Border Background="{DynamicResource BgCardHover}" CornerRadius="4" Padding="6,2" Margin="10,0,0,0" VerticalAlignment="Center">
                                        <TextBlock x:Name="txtPreviewHint" Text="Podgląd 1. wiersza bazy, 1. wiersza zmian oraz wynikowego mapowania na żywo" Foreground="{DynamicResource TextSecondary}" FontSize="11"/>
                                    </Border>
                                </StackPanel>

                                <TextBlock x:Name="txtPreviewInfo" Grid.Column="1" HorizontalAlignment="Center" VerticalAlignment="Center" Foreground="{DynamicResource TextSecondary}" FontSize="11"/>

                                <StackPanel Grid.Column="2" Orientation="Horizontal" VerticalAlignment="Center">
                                    <Button x:Name="btnPrevSampleRow" Content="◀ Poprz. wiersz" Margin="0,0,4,0" Padding="8,3" FontSize="11"/>
                                    <Button x:Name="btnNextSampleRow" Content="Nast. wiersz ▶" Margin="0,0,8,0" Padding="8,3" FontSize="11"/>
                                    <Button x:Name="btnRefreshPreview" Content="🔄 Odśwież podgląd" Background="{DynamicResource BgCardHover}" BorderBrush="{DynamicResource BorderCard}" BorderThickness="1" Padding="10,3" FontSize="11"/>
                                </StackPanel>
                            </Grid>

                            <!-- TabControl for 3 Preview Modes -->
                            <TabControl x:Name="tabsMappingPreview" Grid.Row="1" Background="Transparent" BorderThickness="0">
                                <!-- Tab A: Mapping Result Projection -->
                                <TabItem x:Name="tabPrevResult" Header="⚡ Wynik mapowania (Podgląd)">
                                    <Grid Margin="0,6,0,0">
                                        <DataGrid x:Name="gridMappingResultPreview" AutoGenerateColumns="False" CanUserAddRows="False" CanUserDeleteRows="False"
                                                  CanUserReorderColumns="False" CanUserResizeRows="False" CanUserSortColumns="True"
                                                  HeadersVisibility="Column" GridLinesVisibility="All"
                                                  HorizontalScrollBarVisibility="Auto" VerticalScrollBarVisibility="Auto"
                                                  SelectionMode="Single" SelectionUnit="FullRow"
                                                  Background="{DynamicResource BgCard}" BorderBrush="{DynamicResource BorderCard}" BorderThickness="1"
                                                  RowBackground="{DynamicResource DataGridRowBg}" AlternatingRowBackground="{DynamicResource DataGridRowBg}"
                                                  HorizontalGridLinesBrush="{DynamicResource GridLines}" VerticalGridLinesBrush="{DynamicResource GridLines}">
                                            <DataGrid.Columns>
                                                <DataGridTextColumn x:Name="colPrevTargetBase" Header="Kolumna docelowa (Baza)" Binding="{Binding TargetBaseColumn}" Width="180" FontWeight="SemiBold"/>
                                                <DataGridTextColumn x:Name="colPrevSourceExpr" Header="Zamapowane kolumny źródłowe" Binding="{Binding MappedSourceColumns}" Width="200"/>
                                                <DataGridTextColumn x:Name="colPrevProjectedVal" Header="Wartość wynikowa (z pliku zmian)" Binding="{Binding ProjectedValue}" Width="*"/>
                                                <DataGridTextColumn x:Name="colPrevCurrentBaseVal" Header="Dotychczasowa wartość w bazie" Binding="{Binding CurrentBaseValue}" Width="*"/>
                                                <DataGridTemplateColumn x:Name="colPrevStatus" Header="Status podglądu" Width="130">
                                                    <DataGridTemplateColumn.CellTemplate>
                                                        <DataTemplate>
                                                            <Border Background="{Binding StatusBg}" CornerRadius="4" Padding="6,2" HorizontalAlignment="Left" Margin="4,2">
                                                                <TextBlock Text="{Binding StatusText}" Foreground="{Binding StatusFg}" FontSize="11" FontWeight="Bold"/>
                                                            </Border>
                                                        </DataTemplate>
                                                    </DataGridTemplateColumn.CellTemplate>
                                                </DataGridTemplateColumn>
                                            </DataGrid.Columns>
                                        </DataGrid>
                                        <TextBlock x:Name="txtEmptyPreviewPrompt" Text="Wczytaj powyżej plik bazy oraz plik zmian, aby zobaczyć podgląd danych i wyniku mapowania."
                                                   Foreground="{DynamicResource TextSecondary}" FontSize="12" HorizontalAlignment="Center" VerticalAlignment="Center" Visibility="Collapsed"/>
                                    </Grid>
                                </TabItem>

                                <!-- Tab B: Incoming File (1st Row) -->
                                <TabItem x:Name="tabPrevIncoming" Header="📥 Plik zmian (Przykładowy wiersz)">
                                    <Grid Margin="0,6,0,0">
                                        <DataGrid x:Name="gridPrevIncomingRow" AutoGenerateColumns="False" CanUserAddRows="False" CanUserDeleteRows="False"
                                                  CanUserReorderColumns="False" CanUserResizeRows="False" CanUserSortColumns="False"
                                                  HeadersVisibility="Column" GridLinesVisibility="All"
                                                  HorizontalScrollBarVisibility="Auto" VerticalScrollBarVisibility="Auto"
                                                  SelectionMode="Single" SelectionUnit="Cell"
                                                  Background="{DynamicResource BgCard}" BorderBrush="{DynamicResource BorderCard}" BorderThickness="1"
                                                  RowBackground="{DynamicResource DataGridRowBg}" AlternatingRowBackground="{DynamicResource DataGridRowBg}"
                                                  HorizontalGridLinesBrush="{DynamicResource GridLines}" VerticalGridLinesBrush="{DynamicResource GridLines}"/>
                                        <TextBlock x:Name="txtEmptyIncomingPrompt" Text="Wybierz plik zmian powyżej..." Foreground="{DynamicResource TextSecondary}" FontSize="12" HorizontalAlignment="Center" VerticalAlignment="Center" Visibility="Collapsed"/>
                                    </Grid>
                                </TabItem>

                                <!-- Tab C: Base File (1st Row) -->
                                <TabItem x:Name="tabPrevBase" Header="📁 Plik bazy (Przykładowy wiersz)">
                                    <Grid Margin="0,6,0,0">
                                        <DataGrid x:Name="gridPrevBaseRow" AutoGenerateColumns="False" CanUserAddRows="False" CanUserDeleteRows="False"
                                                  CanUserReorderColumns="False" CanUserResizeRows="False" CanUserSortColumns="False"
                                                  HeadersVisibility="Column" GridLinesVisibility="All"
                                                  HorizontalScrollBarVisibility="Auto" VerticalScrollBarVisibility="Auto"
                                                  SelectionMode="Single" SelectionUnit="Cell"
                                                  Background="{DynamicResource BgCard}" BorderBrush="{DynamicResource BorderCard}" BorderThickness="1"
                                                  RowBackground="{DynamicResource DataGridRowBg}" AlternatingRowBackground="{DynamicResource DataGridRowBg}"
                                                  HorizontalGridLinesBrush="{DynamicResource GridLines}" VerticalGridLinesBrush="{DynamicResource GridLines}"/>
                                        <TextBlock x:Name="txtEmptyBasePrompt" Text="Wybierz plik bazy powyżej..." Foreground="{DynamicResource TextSecondary}" FontSize="12" HorizontalAlignment="Center" VerticalAlignment="Center" Visibility="Collapsed"/>
                                    </Grid>
                                </TabItem>
                            </TabControl>
                        </Grid>
                    </Border>

                    <Border Grid.Row="4" Background="{DynamicResource BgCard}" BorderBrush="{DynamicResource BorderCard}" BorderThickness="1" CornerRadius="8" Padding="14,10" Margin="0,10,0,0">
                        <Grid>
                            <Grid.ColumnDefinitions>
                                <ColumnDefinition Width="*"/>
                                <ColumnDefinition Width="Auto"/>
                            </Grid.ColumnDefinitions>
                            <StackPanel Grid.Column="0" Orientation="Vertical" VerticalAlignment="Center" Margin="0,0,16,0">
                                <TextBlock x:Name="lblCompareOptionsTitle" Text="⚙️ Opcje trybu porównywania:" FontWeight="SemiBold" FontSize="12" Foreground="{DynamicResource TextSecondary}" Margin="0,0,0,6"/>
                                <WrapPanel Orientation="Horizontal" VerticalAlignment="Center">
                                    <CheckBox x:Name="chkIgnoreCase" Content="Ignoruj wielkość liter" IsChecked="True" Foreground="{DynamicResource TextPrimary}" Margin="0,0,18,2" VerticalContentAlignment="Center" Cursor="Hand"/>
                                    <CheckBox x:Name="chkTrimWhitespace" Content="Przycinaj białe znaki" IsChecked="True" Foreground="{DynamicResource TextPrimary}" Margin="0,0,18,2" VerticalContentAlignment="Center" Cursor="Hand"/>
                                    <CheckBox x:Name="chkIgnoreSpecialChars" Content="Ignoruj interpunkcję i znaki specjalne" IsChecked="True" Foreground="{DynamicResource TextPrimary}" Margin="0,0,18,2" VerticalContentAlignment="Center" Cursor="Hand"/>
                                    <CheckBox x:Name="chkIgnoreAllSpaces" Content="Ignoruj spacje wewnętrzne" IsChecked="True" Foreground="{DynamicResource TextPrimary}" Margin="0,0,18,2" VerticalContentAlignment="Center" Cursor="Hand"/>
                                </WrapPanel>
                            </StackPanel>
                            <Button x:Name="btnRunCompare" Grid.Column="1" Content="Rozpocznij porównanie ▶" Background="{DynamicResource AccentGreen}" Foreground="#FFFFFF" FontWeight="Bold" FontSize="14" BorderThickness="0" Padding="26,10" VerticalAlignment="Center" Cursor="Hand"/>
                        </Grid>
                    </Border>
                </Grid>
            </TabItem>

            <!-- Tab 2: Review & Approval -->
            <TabItem x:Name="tabReview" Header="2. Przegląd i zatwierdzanie">
                <Grid Margin="18">
                    <Grid.RowDefinitions>
                        <RowDefinition Height="Auto"/>
                        <RowDefinition Height="*"/>
                        <RowDefinition Height="Auto"/>
                        <RowDefinition Height="Auto"/>
                    </Grid.RowDefinitions>

                    <!-- Top KPI Counters & Filter Strip -->
                    <Border x:Name="filterBorder" Grid.Row="0" Background="{DynamicResource BgCard}" BorderBrush="{DynamicResource BorderCard}" BorderThickness="1" CornerRadius="8" Padding="12,8" Margin="0,0,0,14">
                        <Grid>
                            <Grid.ColumnDefinitions>
                                <ColumnDefinition Width="*"/>
                                <ColumnDefinition Width="Auto"/>
                            </Grid.ColumnDefinitions>
                            <!-- KPI Interactive Stat Pills -->
                            <StackPanel Orientation="Horizontal" VerticalAlignment="Center">
                                <TextBlock x:Name="txtCounters" Visibility="Collapsed"/>
                                <Border x:Name="kpiPillAll" Background="{DynamicResource BgCardHover}" BorderBrush="{DynamicResource AccentBlue}" BorderThickness="2" CornerRadius="6" Padding="8,4" Margin="0,0,6,0" Cursor="Hand" ToolTip="Wszystkie rekordy">
                                    <StackPanel Orientation="Horizontal" VerticalAlignment="Center">
                                        <TextBlock Text="📊" FontSize="11" Margin="0,0,4,0" VerticalAlignment="Center"/>
                                        <TextBlock x:Name="lblKpiAll" Text="Wszystkie:" Foreground="{DynamicResource TextSecondary}" FontSize="12" Margin="0,0,4,0"/>
                                        <TextBlock x:Name="txtKpiCountAll" Text="0" Foreground="{DynamicResource TextPrimary}" FontWeight="Bold" FontSize="12"/>
                                    </StackPanel>
                                </Border>
                                <Border x:Name="kpiPillNew" Background="{DynamicResource BgCardHover}" BorderBrush="{DynamicResource BorderCard}" BorderThickness="1" CornerRadius="6" Padding="8,4" Margin="0,0,6,0" Cursor="Hand" ToolTip="Tylko nowe rekordy">
                                    <StackPanel Orientation="Horizontal" VerticalAlignment="Center">
                                        <TextBlock Text="✨" FontSize="11" Margin="0,0,4,0" VerticalAlignment="Center"/>
                                        <TextBlock x:Name="lblKpiNew" Text="Nowe:" Foreground="{DynamicResource TextSecondary}" FontSize="12" Margin="0,0,4,0"/>
                                        <TextBlock x:Name="txtKpiCountNew" Text="0" Foreground="{DynamicResource AccentGreen}" FontWeight="Bold" FontSize="12"/>
                                    </StackPanel>
                                </Border>
                                <Border x:Name="kpiPillChanged" Background="{DynamicResource BgCardHover}" BorderBrush="{DynamicResource BorderCard}" BorderThickness="1" CornerRadius="6" Padding="8,4" Margin="0,0,6,0" Cursor="Hand" ToolTip="Tylko zmienione rekordy">
                                    <StackPanel Orientation="Horizontal" VerticalAlignment="Center">
                                        <TextBlock Text="⚡" FontSize="11" Margin="0,0,4,0" VerticalAlignment="Center"/>
                                        <TextBlock x:Name="lblKpiChanged" Text="Zmienione:" Foreground="{DynamicResource TextSecondary}" FontSize="12" Margin="0,0,4,0"/>
                                        <TextBlock x:Name="txtKpiCountChanged" Text="0" Foreground="{DynamicResource AccentBlue}" FontWeight="Bold" FontSize="12"/>
                                    </StackPanel>
                                </Border>
                                <Border x:Name="kpiPillAmbiguous" Background="{DynamicResource BgCardHover}" BorderBrush="{DynamicResource BorderCard}" BorderThickness="1" CornerRadius="6" Padding="8,4" Margin="0,0,6,0" Cursor="Hand" ToolTip="Niejednoznaczne dopasowania">
                                    <StackPanel Orientation="Horizontal" VerticalAlignment="Center">
                                        <TextBlock Text="❓" FontSize="11" Margin="0,0,4,0" VerticalAlignment="Center"/>
                                        <TextBlock x:Name="lblKpiAmbiguous" Text="Niejednoznaczne:" Foreground="{DynamicResource TextSecondary}" FontSize="12" Margin="0,0,4,0"/>
                                        <TextBlock x:Name="txtKpiCountAmbiguous" Text="0" Foreground="{DynamicResource AccentAmber}" FontWeight="Bold" FontSize="12"/>
                                    </StackPanel>
                                </Border>
                                <Border x:Name="kpiPillAccepted" Background="{DynamicResource BgCardHover}" BorderBrush="{DynamicResource BorderCard}" BorderThickness="1" CornerRadius="6" Padding="8,4" Margin="0,0,6,0" Cursor="Hand" ToolTip="Zaakceptowane zmiany">
                                    <StackPanel Orientation="Horizontal" VerticalAlignment="Center">
                                        <TextBlock Text="✔" FontSize="11" Margin="0,0,4,0" VerticalAlignment="Center"/>
                                        <TextBlock x:Name="lblKpiAccepted" Text="Zaakceptowane:" Foreground="{DynamicResource TextSecondary}" FontSize="12" Margin="0,0,4,0"/>
                                        <TextBlock x:Name="txtKpiCountAccepted" Text="0" Foreground="{DynamicResource AccentGreen}" FontWeight="Bold" FontSize="12"/>
                                    </StackPanel>
                                </Border>
                                <Border x:Name="kpiPillSkipped" Background="{DynamicResource BgCardHover}" BorderBrush="{DynamicResource BorderCard}" BorderThickness="1" CornerRadius="6" Padding="8,4" Margin="0,0,6,0" Cursor="Hand" ToolTip="Pominięte lub odrzucone">
                                    <StackPanel Orientation="Horizontal" VerticalAlignment="Center">
                                        <TextBlock Text="⏭" FontSize="11" Margin="0,0,4,0" VerticalAlignment="Center"/>
                                        <TextBlock x:Name="lblKpiSkipped" Text="Pominięte:" Foreground="{DynamicResource TextSecondary}" FontSize="12" Margin="0,0,4,0"/>
                                        <TextBlock x:Name="txtKpiCountSkipped" Text="0" Foreground="{DynamicResource TextMuted}" FontWeight="Bold" FontSize="12"/>
                                    </StackPanel>
                                </Border>
                            </StackPanel>

                            <!-- Search & Filter Controls -->
                            <StackPanel Grid.Column="1" Orientation="Horizontal" VerticalAlignment="Center">
                                <Border Background="{DynamicResource BgInput}" BorderBrush="{DynamicResource BorderInput}" BorderThickness="1" CornerRadius="6" Padding="6,2" Margin="0,0,10,0" Width="220">
                                    <Grid>
                                        <Grid.ColumnDefinitions>
                                            <ColumnDefinition Width="Auto"/>
                                            <ColumnDefinition Width="*"/>
                                            <ColumnDefinition Width="Auto"/>
                                        </Grid.ColumnDefinitions>
                                        <TextBlock Grid.Column="0" Text="🔍" FontSize="11" Foreground="{DynamicResource TextMuted}" VerticalAlignment="Center" Margin="2,0,5,0"/>
                                        <TextBox x:Name="txtSearchReview" Grid.Column="1" Background="Transparent" Foreground="{DynamicResource TextPrimary}" BorderThickness="0" Padding="0,2" VerticalAlignment="Center"/>
                                        <Button x:Name="btnSearchClear" Grid.Column="2" Content="✕" Width="16" Height="16" Padding="0" FontSize="9" Background="Transparent" Foreground="{DynamicResource TextMuted}" BorderThickness="0" Cursor="Hand" Visibility="Collapsed"/>
                                    </Grid>
                                </Border>
                                <ComboBox x:Name="cmbFilterStatus" Width="150" SelectedIndex="0">
                                    <ComboBoxItem x:Name="cbiFilterAll" Content="Wszystkie" Tag="All"/>
                                    <ComboBoxItem x:Name="cbiFilterNew" Content="Nowe" Tag="New"/>
                                    <ComboBoxItem x:Name="cbiFilterChanged" Content="Zmienione" Tag="Changed"/>
                                    <ComboBoxItem x:Name="cbiFilterRemoved" Content="Usunięte" Tag="Removed"/>
                                    <ComboBoxItem x:Name="cbiFilterAmbiguous" Content="Niejednoznaczne" Tag="Ambiguous"/>
                                    <ComboBoxItem x:Name="cbiFilterUnchanged" Content="Bez zmian" Tag="Unchanged"/>
                                    <ComboBoxItem x:Name="cbiFilterAccepted" Content="Zaakceptowane" Tag="Accepted"/>
                                    <ComboBoxItem x:Name="cbiFilterSkipped" Content="Pominięte" Tag="Skipped"/>
                                    <ComboBoxItem x:Name="cbiFilterRejected" Content="Odrzucone" Tag="Rejected"/>
                                </ComboBox>
                                <CheckBox x:Name="chkShowUnchanged" Margin="10,0,0,0" VerticalAlignment="Center" Content="Pokaż bez zmian" Foreground="{DynamicResource TextPrimary}"/>
                            </StackPanel>
                        </Grid>
                    </Border>

                    <!-- Review Master-Detail -->
                    <Grid Grid.Row="1">
                        <Grid.ColumnDefinitions>
                            <ColumnDefinition Width="380"/>
                            <ColumnDefinition Width="14"/>
                            <ColumnDefinition Width="*"/>
                        </Grid.ColumnDefinitions>

                        <!-- Items List -->
                        <Border Grid.Column="0" Background="{DynamicResource BgCard}" BorderBrush="{DynamicResource BorderCard}" BorderThickness="1" CornerRadius="8" Padding="6">
                            <ListBox x:Name="lbReviewItems" BorderThickness="0" Background="Transparent">
                                <ListBox.ItemTemplate>
                                    <DataTemplate>
                                        <Grid>
                                            <Grid.ColumnDefinitions>
                                                <ColumnDefinition Width="36"/>
                                                <ColumnDefinition Width="*"/>
                                                <ColumnDefinition Width="Auto"/>
                                            </Grid.ColumnDefinitions>
                                            <Border Background="{DynamicResource BgCardHover}" CornerRadius="4" Width="28" Height="24" HorizontalAlignment="Left" VerticalAlignment="Center">
                                                <TextBlock Text="{Binding IndexStr}" Foreground="{DynamicResource TextMuted}" FontSize="11" HorizontalAlignment="Center" VerticalAlignment="Center"/>
                                            </Border>
                                            <StackPanel Grid.Column="1" VerticalAlignment="Center" Margin="6,0,8,0">
                                                <TextBlock Text="{Binding Title}" Foreground="{DynamicResource TextPrimary}" FontWeight="SemiBold" FontSize="13" TextTrimming="CharacterEllipsis"/>
                                                <TextBlock Text="{Binding Subtitle}" Foreground="{DynamicResource TextSecondary}" FontSize="11" Margin="0,1,0,0" TextTrimming="CharacterEllipsis"/>
                                            </StackPanel>
                                            <Border Grid.Column="2" Background="{Binding StatusBg}" CornerRadius="4" Padding="7,3" VerticalAlignment="Center">
                                                <TextBlock Text="{Binding StatusText}" Foreground="{Binding StatusFg}" FontSize="10" FontWeight="Bold"/>
                                            </Border>
                                        </Grid>
                                    </DataTemplate>
                                </ListBox.ItemTemplate>
                            </ListBox>
                        </Border>

                        <!-- Right Detail Pane Card -->
                        <Border x:Name="detailBorder" Grid.Column="2" Background="{DynamicResource BgCard}" BorderBrush="{DynamicResource BorderCard}" BorderThickness="1" CornerRadius="8" Padding="18">
                            <ScrollViewer VerticalScrollBarVisibility="Auto">
                                <StackPanel x:Name="panelDetailContent">
                                    <!-- Batch Column Toggles Banner -->
                                    <Border x:Name="cardBatchToggles" Background="{DynamicResource BgCardHover}" BorderBrush="{DynamicResource BorderCard}" BorderThickness="1" CornerRadius="6" Padding="10,8" Margin="0,0,0,14" Visibility="Collapsed">
                                        <StackPanel>
                                            <TextBlock x:Name="lblBatchColToggles" Text="Szybkie przełączanie kolumn (przejmij wybrane pola):" Foreground="{DynamicResource TextSecondary}" FontSize="11" FontWeight="SemiBold" Margin="0,0,0,6"/>
                                            <WrapPanel x:Name="wrapBatchColToggles" Orientation="Horizontal"/>
                                        </StackPanel>
                                    </Border>
                                    <Border BorderBrush="{DynamicResource BorderCard}" BorderThickness="0,0,0,1" Padding="0,0,0,12" Margin="0,0,0,12">
                                        <TextBlock x:Name="txtDetailHeader" Text="Wybierz wiersz z listy po lewej stronie" Foreground="{DynamicResource TextPrimary}" FontSize="16" FontWeight="Bold"/>
                                    </Border>
                                    <StackPanel x:Name="panelDiffContainer"/>
                                </StackPanel>
                            </ScrollViewer>
                        </Border>
                    </Grid>

                    <!-- Whole Base Row Preview & Direct Cell Editor -->
                    <Border x:Name="baseRowBorder" Grid.Row="2" Background="{DynamicResource BgCard}" BorderBrush="{DynamicResource BorderCard}" BorderThickness="1" CornerRadius="8" Padding="12,10" Margin="0,10,0,0" Visibility="Collapsed">
                        <Grid>
                            <Grid.RowDefinitions>
                                <RowDefinition Height="Auto"/>
                                <RowDefinition Height="Auto"/>
                            </Grid.RowDefinitions>
                            <!-- Header -->
                            <Grid Grid.Row="0" Margin="0,0,0,8">
                                <Grid.ColumnDefinitions>
                                    <ColumnDefinition Width="Auto"/>
                                    <ColumnDefinition Width="*"/>
                                    <ColumnDefinition Width="Auto"/>
                                </Grid.ColumnDefinitions>
                                <StackPanel Orientation="Horizontal" VerticalAlignment="Center">
                                    <TextBlock Text="📋 " FontSize="14" VerticalAlignment="Center"/>
                                    <TextBlock x:Name="txtBaseRowHeader" Text="Pełny wiersz z bazy danych" Foreground="{DynamicResource TextPrimary}" FontWeight="Bold" FontSize="13" VerticalAlignment="Center"/>
                                    <Border Background="{DynamicResource BgCardHover}" CornerRadius="4" Padding="6,2" Margin="10,0,0,0" VerticalAlignment="Center">
                                        <TextBlock x:Name="txtBaseRowHint" Text="Kliknij dwukrotnie komórkę lub użyj przycisku, aby zmodyfikować dowolne pole bazy" Foreground="{DynamicResource TextSecondary}" FontSize="11"/>
                                    </Border>
                                </StackPanel>
                                <StackPanel Grid.Column="2" Orientation="Horizontal">
                                    <Button x:Name="btnModifyBaseField" Content="✏ Modyfikuj pole w bazie..." Background="{DynamicResource AccentAmber}" Foreground="#FFFFFF" FontWeight="SemiBold" BorderThickness="0" Padding="12,4"/>
                                </StackPanel>
                            </Grid>
                            <!-- DataGrid showing the entire base row with all columns -->
                            <DataGrid x:Name="dgBaseFullRow" Grid.Row="1" Height="86" MaxHeight="110"
                                      AutoGenerateColumns="False" CanUserAddRows="False" CanUserDeleteRows="False"
                                      CanUserReorderColumns="False" CanUserResizeRows="False" CanUserSortColumns="False"
                                      HeadersVisibility="Column"
                                      GridLinesVisibility="All" HorizontalScrollBarVisibility="Auto" VerticalScrollBarVisibility="Auto"
                                      SelectionMode="Single" SelectionUnit="Cell"
                                      Background="{DynamicResource BgCard}" BorderBrush="{DynamicResource BorderCard}" BorderThickness="1"
                                      RowBackground="{DynamicResource DataGridRowBg}" AlternatingRowBackground="{DynamicResource DataGridRowBg}"
                                      HorizontalGridLinesBrush="{DynamicResource GridLines}" VerticalGridLinesBrush="{DynamicResource GridLines}"/>
                        </Grid>
                    </Border>

                    <!-- Bottom Action Controls -->
                    <Border x:Name="actionBorder" Grid.Row="3" Background="{DynamicResource BgCard}" BorderBrush="{DynamicResource BorderCard}" BorderThickness="1" CornerRadius="8" Padding="12,10" Margin="0,10,0,0">
                        <Grid>
                            <Grid.ColumnDefinitions>
                                <ColumnDefinition Width="Auto"/>
                                <ColumnDefinition Width="*"/>
                                <ColumnDefinition Width="Auto"/>
                            </Grid.ColumnDefinitions>
                            <StackPanel Orientation="Horizontal">
                                <Button x:Name="btnBackRow" Content="◀ Wstecz (B)" Margin="0,0,6,0"/>
                                <Button x:Name="btnAcceptRow" Content="✔ Akceptuj (A)" Background="{DynamicResource AccentGreen}" Foreground="#FFFFFF" FontWeight="Bold" BorderThickness="0" Margin="0,0,6,0"/>
                                <Button x:Name="btnRejectRow" Content="✖ Odrzuć (R)" Background="{DynamicResource AccentRed}" Foreground="#FFFFFF" FontWeight="Bold" BorderThickness="0" Margin="0,0,6,0"/>
                                <Button x:Name="btnSkipRow" Content="⏭ Pomiń (S)" Margin="0,0,6,0"/>
                                <Button x:Name="btnEditRow" Content="✏ Zmień wartość... (E)" Background="{DynamicResource AccentAmber}" Foreground="#FFFFFF" BorderThickness="0" Margin="0,0,6,0"/>
                                <Button x:Name="btnUndo" Content="↩ Cofnij (Ctrl+Z)" IsEnabled="False"/>
                            </StackPanel>
                            <StackPanel Grid.Column="1" VerticalAlignment="Center">
                                <StackPanel Orientation="Horizontal" HorizontalAlignment="Center">
                                    <Button x:Name="btnAcceptAll" Content="✔✔ Akceptuj wszystkie" Background="{DynamicResource AccentGreen}" Foreground="#FFFFFF" BorderThickness="0" Margin="0,0,6,0"/>
                                    <Button x:Name="btnRejectAll" Content="✖✖ Odrzuć wszystkie" Background="{DynamicResource AccentRed}" Foreground="#FFFFFF" BorderThickness="0" Margin="0,0,6,0"/>
                                    <Button x:Name="btnExportReport" Content="📊 Eksportuj raport..."/>
                                </StackPanel>
                                <TextBlock x:Name="txtStagingSummary" Text="" HorizontalAlignment="Center" Foreground="{DynamicResource TextSecondary}" FontSize="11" Margin="0,4,0,0"/>
                            </StackPanel>
                            <StackPanel Grid.Column="2" Orientation="Horizontal" VerticalAlignment="Center">
                                <Button x:Name="btnApplyAccepted" Content="Zastosuj do bazy" Background="{DynamicResource AccentBlue}" Foreground="#FFFFFF" FontWeight="Bold" FontSize="13" BorderThickness="0" Padding="14,8" Margin="0,0,6,0" IsEnabled="False"/>
                                <Button x:Name="btnApplyToNewFile" Content="💾 Zapisz do nowego pliku..." Background="{DynamicResource AccentPurple}" Foreground="#FFFFFF" FontWeight="Bold" FontSize="13" BorderThickness="0" Padding="14,8" IsEnabled="False"/>
                            </StackPanel>
                        </Grid>
                    </Border>
                </Grid>
            </TabItem>
        </TabControl>

        <!-- Status Bar -->
        <StatusBar x:Name="statusBar" Grid.Row="2" Background="{DynamicResource StatusBarBg}" Foreground="{DynamicResource StatusBarFg}" BorderBrush="{DynamicResource BorderCard}" BorderThickness="0,1,0,0" Padding="14,6">
            <StatusBarItem>
                <StackPanel Orientation="Horizontal" VerticalAlignment="Center">
                    <TextBlock Text="●" Foreground="{DynamicResource AccentGreen}" FontSize="10" Margin="0,0,8,0" VerticalAlignment="Center"/>
                    <TextBlock x:Name="txtStatusMsg" Text="Gotowy do pracy." Foreground="{DynamicResource StatusBarFg}"/>
                </StackPanel>
            </StatusBarItem>
        </StatusBar>
    </Grid>
</Window>” na typ „System.Xml.XmlDocument”. Błąd: „The 'Style' start tag on line 356 position 10 does not match the end tag of 'Window.Resources'. Line 432, position 7.”
 ---> System.Xml.XmlException: The 'Style' start tag on line 356 position 10 does not match the end tag of 'Window.Resources'. Line 432, position 7.
   at System.Xml.XmlTextReaderImpl.Throw(Exception e)
   at System.Xml.XmlTextReaderImpl.Throw(String res, String[] args)
   at System.Xml.XmlTextReaderImpl.ThrowTagMismatch(NodeData startTag)
   at System.Xml.XmlTextReaderImpl.ParseEndElement()
   at System.Xml.XmlTextReaderImpl.ParseElementContent()
   at System.Xml.XmlLoader.LoadNode(Boolean skipOverWhitespace)
   at System.Xml.XmlLoader.LoadDocSequence(XmlDocument parentDoc)
   at System.Xml.XmlDocument.Load(XmlReader reader)
   at System.Management.Automation.LanguagePrimitives.ConvertToXml(Object valueToConvert, Type resultType, Boolean recursion, PSObject originalValueToConvert, IFormatProvider formatProvider, TypeTable backupTable)
   --- End of inner exception stack trace ---
   at System.Management.Automation.LanguagePrimitives.ConvertToXml(Object valueToConvert, Type resultType, Boolean recursion, PSObject originalValueToConvert, IFormatProvider formatProvider, TypeTable backupTable)
   at CallSite.Target(Closure, CallSite, String)
   at System.Dynamic.UpdateDelegates.UpdateAndExecute1[T0,TRet](CallSite site, T0 arg0)
   at System.Management.Automation.Interpreter.DynamicInstruction`2.Run(InterpretedFrame frame)
   at System.Management.Automation.Interpreter.EnterTryCatchFinallyInstruction.Run(InterpretedFrame frame)
